kecamatan,komoditas,produksi_kuintal
Mojo,Bawang Daun,0.0
Semen,Bawang Daun,0.0
Ngadiluwih,Bawang Daun,290.0
Kras,Bawang Daun,0.0
Ringinrejo,Bawang Daun,0.0
Kandat,Bawang Daun,909.0
Wates,Bawang Daun,0.0
Ngancar,Bawang Daun,0.0
Plosoklaten,Bawang Daun,0.0
Gurah,Bawang Daun,0.0
Puncu,Bawang Daun,920.0
Kepung,Bawang Daun,41391.0
Kandangan,Bawang Daun,614.0
Pare,Bawang Daun,0.0
Badas,Bawang Daun,0.0
Kunjang,Bawang Daun,0.0
Plemahan,Bawang Daun,0.0
Purwoasri,Bawang Daun,0.0
Papar,Bawang Daun,0.0
Pagu,Bawang Daun,0.0
Kayenkidul,Bawang Daun,140.0
Gampengrejo,Bawang Daun,0.0
Ngasem,Bawang Daun,0.0
Banyakan,Bawang Daun,0.0
Grogol,Bawang Daun,0.0
Tarokan,Bawang Daun,0.0
Mojo,Bawang Merah,0.0
Semen,Bawang Merah,1140.0
Ngadiluwih,Bawang Merah,73.0
Kras,Bawang Merah,0.0
Ringinrejo,Bawang Merah,0.0
Kandat,Bawang Merah,0.0
Wates,Bawang Merah,0.0
Ngancar,Bawang Merah,0.0
Plosoklaten,Bawang Merah,0.0
Gurah,Bawang Merah,0.0
Puncu,Bawang Merah,0.0
Kepung,Bawang Merah,11542.0
Kandangan,Bawang Merah,622.0
Pare,Bawang Merah,2400.0
Badas,Bawang Merah,19576.0
Kunjang,Bawang Merah,1080.0
Plemahan,Bawang Merah,36600.0
Purwoasri,Bawang Merah,464.0
Papar,Bawang Merah,700.0
Pagu,Bawang Merah,0.0
Kayenkidul,Bawang Merah,70.0
Gampengrejo,Bawang Merah,1788.0
Ngasem,Bawang Merah,135.0
Banyakan,Bawang Merah,190.0
Grogol,Bawang Merah,0.0
Tarokan,Bawang Merah,7222.0
Mojo,Bawang Putih,0.0
Semen,Bawang Putih,0.0
Ngadiluwih,Bawang Putih,0.0
Kras,Bawang Putih,0.0
Ringinrejo,Bawang Putih,0.0
Kandat,Bawang Putih,0.0
Wates,Bawang Putih,0.0
Ngancar,Bawang Putih,0.0
Plosoklaten,Bawang Putih,0.0
Gurah,Bawang Putih,0.0
Puncu,Bawang Putih,0.0
Kepung,Bawang Putih,0.0
Kandangan,Bawang Putih,0.0
Pare,Bawang Putih,0.0
Badas,Bawang Putih,0.0
Kunjang,Bawang Putih,0.0
Plemahan,Bawang Putih,0.0
Purwoasri,Bawang Putih,0.0
Papar,Bawang Putih,0.0
Pagu,Bawang Putih,0.0
Kayenkidul,Bawang Putih,0.0
Gampengrejo,Bawang Putih,0.0
Ngasem,Bawang Putih,0.0
Banyakan,Bawang Putih,0.0
Grogol,Bawang Putih,0.0
Tarokan,Bawang Putih,0.0
Mojo,Bayam,0.0
Semen,Bayam,0.0
Ngadiluwih,Bayam,3250.0
Kras,Bayam,0.0
Ringinrejo,Bayam,0.0
Kandat,Bayam,0.0
Wates,Bayam,0.0
Ngancar,Bayam,0.0
Plosoklaten,Bayam,0.0
Gurah,Bayam,1020.0
Puncu,Bayam,0.0
Kepung,Bayam,0.0
Kandangan,Bayam,0.0
Pare,Bayam,0.0
Badas,Bayam,0.0
Kunjang,Bayam,0.0
Plemahan,Bayam,0.0
Purwoasri,Bayam,0.0
Papar,Bayam,0.0
Pagu,Bayam,0.0
Kayenkidul,Bayam,0.0
Gampengrejo,Bayam,0.0
Ngasem,Bayam,0.0
Banyakan,Bayam,0.0
Grogol,Bayam,0.0
Tarokan,Bayam,120.0
Mojo,Buncis,543.0
Semen,Buncis,121.0
Ngadiluwih,Buncis,0.0
Kras,Buncis,0.0
Ringinrejo,Buncis,0.0
Kandat,Buncis,25.0
Wates,Buncis,753.0
Ngancar,Buncis,3448.0
Plosoklaten,Buncis,5549.0
Gurah,Buncis,0.0
Puncu,Buncis,3905.0
Kepung,Buncis,2107.0
Kandangan,Buncis,1818.0
Pare,Buncis,2251.0
Badas,Buncis,0.0
Kunjang,Buncis,120.0
Plemahan,Buncis,0.0
Purwoasri,Buncis,300.0
Papar,Buncis,0.0
Pagu,Buncis,0.0
Kayenkidul,Buncis,0.0
Gampengrejo,Buncis,0.0
Ngasem,Buncis,0.0
Banyakan,Buncis,0.0
Grogol,Buncis,0.0
Tarokan,Buncis,0.0
Mojo,Cabai Rawit,104.0
Semen,Cabai Rawit,13179.0
Ngadiluwih,Cabai Rawit,157.0
Kras,Cabai Rawit,2250.0
Ringinrejo,Cabai Rawit,61816.0
Kandat,Cabai Rawit,25487.0
Wates,Cabai Rawit,79918.0
Ngancar,Cabai Rawit,57106.0
Plosoklaten,Cabai Rawit,47163.24
Gurah,Cabai Rawit,76767.0
Puncu,Cabai Rawit,264278.0
Kepung,Cabai Rawit,196780.0
Kandangan,Cabai Rawit,174.0
Pare,Cabai Rawit,4749.0
Badas,Cabai Rawit,141.0
Kunjang,Cabai Rawit,626.0
Plemahan,Cabai Rawit,8867.75
Purwoasri,Cabai Rawit,943.0
Papar,Cabai Rawit,1705.0
Pagu,Cabai Rawit,175943.0
Kayenkidul,Cabai Rawit,57575.0
Gampengrejo,Cabai Rawit,540.0
Ngasem,Cabai Rawit,19132.62
Banyakan,Cabai Rawit,162.0
Grogol,Cabai Rawit,0.0
Tarokan,Cabai Rawit,50.0
Mojo,Kacang Panjang,0.0
Semen,Kacang Panjang,0.0
Ngadiluwih,Kacang Panjang,0.0
Kras,Kacang Panjang,0.0
Ringinrejo,Kacang Panjang,3116.0
Kandat,Kacang Panjang,1000.0
Wates,Kacang Panjang,2665.0
Ngancar,Kacang Panjang,7121.0
Plosoklaten,Kacang Panjang,6544.5
Gurah,Kacang Panjang,205.0
Puncu,Kacang Panjang,2678.0
Kepung,Kacang Panjang,4745.0
Kandangan,Kacang Panjang,1610.0
Pare,Kacang Panjang,3244.0
Badas,Kacang Panjang,277.0
Kunjang,Kacang Panjang,977.0
Plemahan,Kacang Panjang,11901.95
Purwoasri,Kacang Panjang,0.0
Papar,Kacang Panjang,914.0
Pagu,Kacang Panjang,0.0
Kayenkidul,Kacang Panjang,808.0
Gampengrejo,Kacang Panjang,0.0
Ngasem,Kacang Panjang,0.0
Banyakan,Kacang Panjang,0.0
Grogol,Kacang Panjang,0.0
Tarokan,Kacang Panjang,0.0
Mojo,Kangkung,0.0
Semen,Kangkung,0.0
Ngadiluwih,Kangkung,1757.0
Kras,Kangkung,0.0
Ringinrejo,Kangkung,0.0
Kandat,Kangkung,0.0
Wates,Kangkung,0.0
Ngancar,Kangkung,0.0
Plosoklaten,Kangkung,0.0
Gurah,Kangkung,0.0
Puncu,Kangkung,0.0
Kepung,Kangkung,0.0
Kandangan,Kangkung,0.0
Pare,Kangkung,0.0
Badas,Kangkung,0.0
Kunjang,Kangkung,0.0
Plemahan,Kangkung,0.0
Purwoasri,Kangkung,745.0
Papar,Kangkung,0.0
Pagu,Kangkung,0.0
Kayenkidul,Kangkung,2031.0
Gampengrejo,Kangkung,0.0
Ngasem,Kangkung,0.0
Banyakan,Kangkung,0.0
Grogol,Kangkung,0.0
Tarokan,Kangkung,0.0
Mojo,Kembang Kol,0.0
Semen,Kembang Kol,0.0
Ngadiluwih,Kembang Kol,0.0
Kras,Kembang Kol,0.0
Ringinrejo,Kembang Kol,0.0
Kandat,Kembang Kol,0.0
Wates,Kembang Kol,184.0
Ngancar,Kembang Kol,5048.0
Plosoklaten,Kembang Kol,6900.0
Gurah,Kembang Kol,0.0
Puncu,Kembang Kol,0.0
Kepung,Kembang Kol,2918.0
Kandangan,Kembang Kol,0.0
Pare,Kembang Kol,4653.0
Badas,Kembang Kol,1054.0
Kunjang,Kembang Kol,0.0
Plemahan,Kembang Kol,2574.5
Purwoasri,Kembang Kol,0.0
Papar,Kembang Kol,280.0
Pagu,Kembang Kol,0.0
Kayenkidul,Kembang Kol,0.0
Gampengrejo,Kembang Kol,0.0
Ngasem,Kembang Kol,0.0
Banyakan,Kembang Kol,0.0
Grogol,Kembang Kol,0.0
Tarokan,Kembang Kol,0.0
Mojo,Kentang,0.0
Semen,Kentang,0.0
Ngadiluwih,Kentang,0.0
Kras,Kentang,0.0
Ringinrejo,Kentang,0.0
Kandat,Kentang,0.0
Wates,Kentang,0.0
Ngancar,Kentang,0.0
Plosoklaten,Kentang,0.0
Gurah,Kentang,0.0
Puncu,Kentang,0.0
Kepung,Kentang,0.0
Kandangan,Kentang,0.0
Pare,Kentang,0.0
Badas,Kentang,0.0
Kunjang,Kentang,0.0
Plemahan,Kentang,0.0
Purwoasri,Kentang,0.0
Papar,Kentang,0.0
Pagu,Kentang,0.0
Kayenkidul,Kentang,0.0
Gampengrejo,Kentang,0.0
Ngasem,Kentang,0.0
Banyakan,Kentang,0.0
Grogol,Kentang,0.0
Tarokan,Kentang,0.0
Mojo,Ketimun,0.0
Semen,Ketimun,345.0
Ngadiluwih,Ketimun,380.0
Kras,Ketimun,1850.0
Ringinrejo,Ketimun,3639.0
Kandat,Ketimun,2605.0
Wates,Ketimun,120.0
Ngancar,Ketimun,12623.0
Plosoklaten,Ketimun,14324.5
Gurah,Ketimun,1770.0
Puncu,Ketimun,3439.0
Kepung,Ketimun,5803.0
Kandangan,Ketimun,3228.0
Pare,Ketimun,6232.0
Badas,Ketimun,0.0
Kunjang,Ketimun,3400.0
Plemahan,Ketimun,7277.8
Purwoasri,Ketimun,120.0
Papar,Ketimun,0.0
Pagu,Ketimun,0.0
Kayenkidul,Ketimun,953.0
Gampengrejo,Ketimun,0.0
Ngasem,Ketimun,0.0
Banyakan,Ketimun,0.0
Grogol,Ketimun,0.0
Tarokan,Ketimun,0.0
Mojo,Kubis,0.0
Semen,Kubis,0.0
Ngadiluwih,Kubis,0.0
Kras,Kubis,0.0
Ringinrejo,Kubis,0.0
Kandat,Kubis,0.0
Wates,Kubis,0.0
Ngancar,Kubis,0.0
Plosoklaten,Kubis,0.0
Gurah,Kubis,0.0
Puncu,Kubis,0.0
Kepung,Kubis,0.0
Kandangan,Kubis,0.0
Pare,Kubis,0.0
Badas,Kubis,0.0
Kunjang,Kubis,0.0
Plemahan,Kubis,0.0
Purwoasri,Kubis,0.0
Papar,Kubis,0.0
Pagu,Kubis,0.0
Kayenkidul,Kubis,0.0
Gampengrejo,Kubis,0.0
Ngasem,Kubis,0.0
Banyakan,Kubis,0.0
Grogol,Kubis,0.0
Tarokan,Kubis,0.0
Mojo,Labu Siam,0.0
Semen,Labu Siam,0.0
Ngadiluwih,Labu Siam,0.0
Kras,Labu Siam,0.0
Ringinrejo,Labu Siam,0.0
Kandat,Labu Siam,0.0
Wates,Labu Siam,0.0
Ngancar,Labu Siam,0.0
Plosoklaten,Labu Siam,0.0
Gurah,Labu Siam,0.0
Puncu,Labu Siam,0.0
Kepung,Labu Siam,0.0
Kandangan,Labu Siam,0.0
Pare,Labu Siam,0.0
Badas,Labu Siam,0.0
Kunjang,Labu Siam,0.0
Plemahan,Labu Siam,0.0
Purwoasri,Labu Siam,0.0
Papar,Labu Siam,0.0
Pagu,Labu Siam,0.0
Kayenkidul,Labu Siam,0.0
Gampengrejo,Labu Siam,0.0
Ngasem,Labu Siam,0.0
Banyakan,Labu Siam,0.0
Grogol,Labu Siam,0.0
Tarokan,Labu Siam,0.0
Mojo,Melon,0.0
Semen,Melon,0.0
Ngadiluwih,Melon,339.0
Kras,Melon,0.0
Ringinrejo,Melon,0.0
Kandat,Melon,7135.0
Wates,Melon,0.0
Ngancar,Melon,0.0
Plosoklaten,Melon,0.0
Gurah,Melon,0.0
Puncu,Melon,0.0
Kepung,Melon,0.0
Kandangan,Melon,0.0
Pare,Melon,0.0
Badas,Melon,0.0
Kunjang,Melon,0.0
Plemahan,Melon,0.0
Purwoasri,Melon,1450.0
Papar,Melon,0.0
Pagu,Melon,0.0
Kayenkidul,Melon,0.0
Gampengrejo,Melon,0.0
Ngasem,Melon,0.0
Banyakan,Melon,425.0
Grogol,Melon,0.0
Tarokan,Melon,0.0
Mojo,Paprika,0.0
Semen,Paprika,0.0
Ngadiluwih,Paprika,0.0
Kras,Paprika,0.0
Ringinrejo,Paprika,0.0
Kandat,Paprika,0.0
Wates,Paprika,0.0
Ngancar,Paprika,0.0
Plosoklaten,Paprika,0.0
Gurah,Paprika,0.0
Puncu,Paprika,0.0
Kepung,Paprika,0.0
Kandangan,Paprika,0.0
Pare,Paprika,0.0
Badas,Paprika,0.0
Kunjang,Paprika,0.0
Plemahan,Paprika,0.0
Purwoasri,Paprika,0.0
Papar,Paprika,0.0
Pagu,Paprika,0.0
Kayenkidul,Paprika,0.0
Gampengrejo,Paprika,0.0
Ngasem,Paprika,0.0
Banyakan,Paprika,0.0
Grogol,Paprika,0.0
Tarokan,Paprika,0.0
Mojo,Petsai/Sawi,0.0
Semen,Petsai/Sawi,0.0
Ngadiluwih,Petsai/Sawi,6819.0
Kras,Petsai/Sawi,0.0
Ringinrejo,Petsai/Sawi,0.0
Kandat,Petsai/Sawi,0.0
Wates,Petsai/Sawi,0.0
Ngancar,Petsai/Sawi,0.0
Plosoklaten,Petsai/Sawi,4965.0
Gurah,Petsai/Sawi,0.0
Puncu,Petsai/Sawi,155.0
Kepung,Petsai/Sawi,5575.0
Kandangan,Petsai/Sawi,0.0
Pare,Petsai/Sawi,5334.0
Badas,Petsai/Sawi,9265.0
Kunjang,Petsai/Sawi,0.0
Plemahan,Petsai/Sawi,2025.75
Purwoasri,Petsai/Sawi,0.0
Papar,Petsai/Sawi,0.0
Pagu,Petsai/Sawi,0.0
Kayenkidul,Petsai/Sawi,0.0
Gampengrejo,Petsai/Sawi,0.0
Ngasem,Petsai/Sawi,0.0
Banyakan,Petsai/Sawi,0.0
Grogol,Petsai/Sawi,0.0
Tarokan,Petsai/Sawi,0.0
Mojo,Semangka,0.0
Semen,Semangka,0.0
Ngadiluwih,Semangka,0.0
Kras,Semangka,556.0
Ringinrejo,Semangka,1025.0
Kandat,Semangka,6780.0
Wates,Semangka,0.0
Ngancar,Semangka,0.0
Plosoklaten,Semangka,0.0
Gurah,Semangka,154.0
Puncu,Semangka,0.0
Kepung,Semangka,0.0
Kandangan,Semangka,0.0
Pare,Semangka,0.0
Badas,Semangka,0.0
Kunjang,Semangka,0.0
Plemahan,Semangka,0.0
Purwoasri,Semangka,7300.0
Papar,Semangka,0.0
Pagu,Semangka,0.0
Kayenkidul,Semangka,0.0
Gampengrejo,Semangka,0.0
Ngasem,Semangka,1232.0
Banyakan,Semangka,185.0
Grogol,Semangka,0.0
Tarokan,Semangka,200.0
Mojo,Stroberi,0.0
Semen,Stroberi,0.0
Ngadiluwih,Stroberi,0.0
Kras,Stroberi,0.0
Ringinrejo,Stroberi,0.0
Kandat,Stroberi,0.0
Wates,Stroberi,0.0
Ngancar,Stroberi,0.0
Plosoklaten,Stroberi,0.0
Gurah,Stroberi,0.0
Puncu,Stroberi,0.0
Kepung,Stroberi,0.0
Kandangan,Stroberi,0.0
Pare,Stroberi,0.0
Badas,Stroberi,0.0
Kunjang,Stroberi,0.0
Plemahan,Stroberi,0.0
Purwoasri,Stroberi,0.0
Papar,Stroberi,0.0
Pagu,Stroberi,0.0
Kayenkidul,Stroberi,0.0
Gampengrejo,Stroberi,0.0
Ngasem,Stroberi,0.0
Banyakan,Stroberi,0.0
Grogol,Stroberi,0.0
Tarokan,Stroberi,0.0
Mojo,Terung,0.0
Semen,Terung,948.0
Ngadiluwih,Terung,0.0
Kras,Terung,8412.0
Ringinrejo,Terung,5658.0
Kandat,Terung,300.0
Wates,Terung,6468.0
Ngancar,Terung,25301.0
Plosoklaten,Terung,17182.0
Gurah,Terung,3991.0
Puncu,Terung,5504.0
Kepung,Terung,2478.0
Kandangan,Terung,3289.0
Pare,Terung,7326.0
Badas,Terung,645.0
Kunjang,Terung,1533.0
Plemahan,Terung,16033.44
Purwoasri,Terung,685.0
Papar,Terung,575.0
Pagu,Terung,0.0
Kayenkidul,Terung,1797.0
Gampengrejo,Terung,0.0
Ngasem,Terung,0.0
Banyakan,Terung,110.0
Grogol,Terung,0.0
Tarokan,Terung,0.0
Mojo,Tomat,1166.0
Semen,Tomat,803.0
Ngadiluwih,Tomat,0.0
Kras,Tomat,2263.0
Ringinrejo,Tomat,2701.0
Kandat,Tomat,100.0
Wates,Tomat,2718.0
Ngancar,Tomat,21427.0
Plosoklaten,Tomat,14985.0
Gurah,Tomat,200.0
Puncu,Tomat,4565.0
Kepung,Tomat,12408.0
Kandangan,Tomat,0.0
Pare,Tomat,1606.0
Badas,Tomat,210.0
Kunjang,Tomat,361.0
Plemahan,Tomat,9793.35
Purwoasri,Tomat,595.0
Papar,Tomat,0.0
Pagu,Tomat,0.0
Kayenkidul,Tomat,0.0
Gampengrejo,Tomat,0.0
Ngasem,Tomat,0.0
Banyakan,Tomat,0.0
Grogol,Tomat,0.0
Tarokan,Tomat,98.0
Mojo,Wortel,0.0
Semen,Wortel,0.0
Ngadiluwih,Wortel,0.0
Kras,Wortel,0.0
Ringinrejo,Wortel,0.0
Kandat,Wortel,0.0
Wates,Wortel,0.0
Ngancar,Wortel,0.0
Plosoklaten,Wortel,0.0
Gurah,Wortel,0.0
Puncu,Wortel,0.0
Kepung,Wortel,0.0
Kandangan,Wortel,0.0
Pare,Wortel,0.0
Badas,Wortel,0.0
Kunjang,Wortel,0.0
Plemahan,Wortel,0.0
Purwoasri,Wortel,0.0
Papar,Wortel,0.0
Pagu,Wortel,0.0
Kayenkidul,Wortel,0.0
Gampengrejo,Wortel,0.0
Ngasem,Wortel,0.0
Banyakan,Wortel,0.0
Grogol,Wortel,0.0
Tarokan,Wortel,0.0
Mojo,Cabai Besar/TW/Teropong,2070.0
Semen,Cabai Besar/TW/Teropong,1582.0
Ngadiluwih,Cabai Besar/TW/Teropong,0.0
Kras,Cabai Besar/TW/Teropong,0.0
Ringinrejo,Cabai Besar/TW/Teropong,0.0
Kandat,Cabai Besar/TW/Teropong,1122.0
Wates,Cabai Besar/TW/Teropong,43621.0
Ngancar,Cabai Besar/TW/Teropong,21727.5
Plosoklaten,Cabai Besar/TW/Teropong,0.0
Gurah,Cabai Besar/TW/Teropong,275.0
Puncu,Cabai Besar/TW/Teropong,2951.0
Kepung,Cabai Besar/TW/Teropong,63661.0
Kandangan,Cabai Besar/TW/Teropong,0.0
Pare,Cabai Besar/TW/Teropong,0.0
Badas,Cabai Besar/TW/Teropong,175.0
Kunjang,Cabai Besar/TW/Teropong,0.0
Plemahan,Cabai Besar/TW/Teropong,0.0
Purwoasri,Cabai Besar/TW/Teropong,0.0
Papar,Cabai Besar/TW/Teropong,0.0
Pagu,Cabai Besar/TW/Teropong,0.0
Kayenkidul,Cabai Besar/TW/Teropong,0.0
Gampengrejo,Cabai Besar/TW/Teropong,0.0
Ngasem,Cabai Besar/TW/Teropong,0.0
Banyakan,Cabai Besar/TW/Teropong,151.0
Grogol,Cabai Besar/TW/Teropong,0.0
Tarokan,Cabai Besar/TW/Teropong,104.0
Mojo,Cabai Keriting,0.0
Semen,Cabai Keriting,65.0
Ngadiluwih,Cabai Keriting,151.3
Kras,Cabai Keriting,1150.0
Ringinrejo,Cabai Keriting,29101.0
Kandat,Cabai Keriting,1432.0
Wates,Cabai Keriting,0.0
Ngancar,Cabai Keriting,12772.0
Plosoklaten,Cabai Keriting,0.0
Gurah,Cabai Keriting,0.0
Puncu,Cabai Keriting,4938.0
Kepung,Cabai Keriting,2771.0
Kandangan,Cabai Keriting,0.0
Pare,Cabai Keriting,2316.0
Badas,Cabai Keriting,0.0
Kunjang,Cabai Keriting,138.0
Plemahan,Cabai Keriting,0.0
Purwoasri,Cabai Keriting,0.0
Papar,Cabai Keriting,0.0
Pagu,Cabai Keriting,0.0
Kayenkidul,Cabai Keriting,0.0
Gampengrejo,Cabai Keriting,0.0
Ngasem,Cabai Keriting,0.0
Banyakan,Cabai Keriting,0.0
Grogol,Cabai Keriting,0.0
Tarokan,Cabai Keriting,0.0
Mojo,Jamur Tiram,0.0
Semen,Jamur Tiram,1870.0
Ngadiluwih,Jamur Tiram,0.0
Kras,Jamur Tiram,157.0
Ringinrejo,Jamur Tiram,0.0
Kandat,Jamur Tiram,0.0
Wates,Jamur Tiram,225.0
Ngancar,Jamur Tiram,0.0
Plosoklaten,Jamur Tiram,0.0
Gurah,Jamur Tiram,0.0
Puncu,Jamur Tiram,239.3
Kepung,Jamur Tiram,0.0
Kandangan,Jamur Tiram,0.0
Pare,Jamur Tiram,0.0
Badas,Jamur Tiram,0.0
Kunjang,Jamur Tiram,0.0
Plemahan,Jamur Tiram,0.0
Purwoasri,Jamur Tiram,0.0
Papar,Jamur Tiram,0.0
Pagu,Jamur Tiram,0.0
Kayenkidul,Jamur Tiram,0.0
Gampengrejo,Jamur Tiram,701.3
Ngasem,Jamur Tiram,0.0
Banyakan,Jamur Tiram,2601.0
Grogol,Jamur Tiram,1236.0
Tarokan,Jamur Tiram,0.0
Mojo,Jamur Merang,0.0
Semen,Jamur Merang,0.0
Ngadiluwih,Jamur Merang,0.0
Kras,Jamur Merang,0.0
Ringinrejo,Jamur Merang,0.0
Kandat,Jamur Merang,0.0
Wates,Jamur Merang,0.0
Ngancar,Jamur Merang,0.0
Plosoklaten,Jamur Merang,0.0
Gurah,Jamur Merang,0.0
Puncu,Jamur Merang,0.0
Kepung,Jamur Merang,0.0
Kandangan,Jamur Merang,0.0
Pare,Jamur Merang,0.0
Badas,Jamur Merang,0.0
Kunjang,Jamur Merang,0.0
Plemahan,Jamur Merang,0.0
Purwoasri,Jamur Merang,0.0
Papar,Jamur Merang,0.0
Pagu,Jamur Merang,0.0
Kayenkidul,Jamur Merang,0.0
Gampengrejo,Jamur Merang,0.0
Ngasem,Jamur Merang,0.0
Banyakan,Jamur Merang,0.0
Grogol,Jamur Merang,0.0
Tarokan,Jamur Merang,0.0
Mojo,Jamur Lainnya,0.0
Semen,Jamur Lainnya,0.0
Ngadiluwih,Jamur Lainnya,0.0
Kras,Jamur Lainnya,0.0
Ringinrejo,Jamur Lainnya,0.0
Kandat,Jamur Lainnya,0.0
Wates,Jamur Lainnya,0.0
Ngancar,Jamur Lainnya,0.0
Plosoklaten,Jamur Lainnya,0.0
Gurah,Jamur Lainnya,0.0
Puncu,Jamur Lainnya,0.0
Kepung,Jamur Lainnya,0.0
Kandangan,Jamur Lainnya,0.0
Pare,Jamur Lainnya,0.0
Badas,Jamur Lainnya,0.0
Kunjang,Jamur Lainnya,0.0
Plemahan,Jamur Lainnya,0.0
Purwoasri,Jamur Lainnya,0.0
Papar,Jamur Lainnya,0.0
Pagu,Jamur Lainnya,0.0
Kayenkidul,Jamur Lainnya,0.0
Gampengrejo,Jamur Lainnya,0.0
Ngasem,Jamur Lainnya,0.0
Banyakan,Jamur Lainnya,0.0
Grogol,Jamur Lainnya,0.0
Tarokan,Jamur Lainnya,0.0
