kode_kecamatan,kecamatan,luas_sawah_ha,lahan_pertanian_non_sawah_ha,lahan_non_pertanian_ha,total_lahan_ha,tahun_data_lahan,sumber
010,Mojo,926.0,7371.0,1866.0,10163.0,,BPS Kabupaten Kediri - Penggunaan Lahan
020,Semen,1391.0,5579.0,901.0,7871.0,,BPS Kabupaten Kediri - Penggunaan Lahan
030,Ngadiluwih,1160.0,984.0,1814.0,3958.0,,BPS Kabupaten Kediri - Penggunaan Lahan
040,Kras,2191.0,513.0,1844.0,4548.0,,BPS Kabupaten Kediri - Penggunaan Lahan
050,Ringinrejo,1590.0,555.0,2083.0,4228.0,,BPS Kabupaten Kediri - Penggunaan Lahan
060,Kandat,1984.0,1048.0,1841.0,4873.0,,BPS Kabupaten Kediri - Penggunaan Lahan
070,Wates,3370.0,241.0,2902.0,6513.0,,BPS Kabupaten Kediri - Penggunaan Lahan
080,Ngancar,1508.0,4847.0,1726.0,8081.0,,BPS Kabupaten Kediri - Penggunaan Lahan
090,Plosoklaten,2153.0,2329.0,2276.0,6758.0,,BPS Kabupaten Kediri - Penggunaan Lahan
100,Gurah,2272.0,382.0,2101.0,4755.0,,BPS Kabupaten Kediri - Penggunaan Lahan
110,Puncu,745.0,5239.0,797.0,6781.0,,BPS Kabupaten Kediri - Penggunaan Lahan
120,Kepung,2356.0,5803.0,2395.0,10554.0,,BPS Kabupaten Kediri - Penggunaan Lahan
130,Kandangan,1790.0,1193.0,894.0,3877.0,,BPS Kabupaten Kediri - Penggunaan Lahan
140,Pare,1524.0,661.0,2224.0,4409.0,,BPS Kabupaten Kediri - Penggunaan Lahan
141,Badas,2181.0,72.0,1624.0,3877.0,,BPS Kabupaten Kediri - Penggunaan Lahan
150,Kunjang,1879.0,252.0,811.0,2942.0,,BPS Kabupaten Kediri - Penggunaan Lahan
160,Plemahan,3201.0,152.0,1242.0,4595.0,,BPS Kabupaten Kediri - Penggunaan Lahan
170,Purwoasri,2778.0,0.0,1133.0,3911.0,,BPS Kabupaten Kediri - Penggunaan Lahan
180,Papar,1714.0,369.0,1426.0,3509.0,,BPS Kabupaten Kediri - Penggunaan Lahan
190,Pagu,1409.0,119.0,886.0,2414.0,,BPS Kabupaten Kediri - Penggunaan Lahan
191,Kayenkidul,1918.0,337.0,1211.0,3466.0,,BPS Kabupaten Kediri - Penggunaan Lahan
200,Gampengrejo,545.0,107.0,1264.0,1916.0,,BPS Kabupaten Kediri - Penggunaan Lahan
201,Ngasem,497.0,128.0,1235.0,1860.0,,BPS Kabupaten Kediri - Penggunaan Lahan
210,Banyakan,1008.0,4542.0,1409.0,6959.0,,BPS Kabupaten Kediri - Penggunaan Lahan
220,Grogol,1093.0,999.0,1257.0,3349.0,,BPS Kabupaten Kediri - Penggunaan Lahan
230,Tarokan,883.0,2115.0,1249.0,4247.0,,BPS Kabupaten Kediri - Penggunaan Lahan
