kode_kecamatan,kecamatan,tahun,tanaman,luas_panen_ha,produksi_ton,produktivitas_kuintal_ha,proporsi_alokasi,bobot_sawah,metode_alokasi,is_estimate,sumber
141,Badas,,Kacang Tanah,12.17,21.54,17.71,0.025531,0.5,proporsional: 50% luas sawah + 50% lahan pertanian bukan sawah,True,BPS Kabupaten Kediri - Tanaman Pangan; BPS Kabupaten Kediri - Penggunaan Lahan
210,Banyakan,,Kacang Tanah,29.01,51.36,17.71,0.060875,0.5,proporsional: 50% luas sawah + 50% lahan pertanian bukan sawah,True,BPS Kabupaten Kediri - Tanaman Pangan; BPS Kabupaten Kediri - Penggunaan Lahan
200,Gampengrejo,,Kacang Tanah,3.5,6.2,17.71,0.007349,0.5,proporsional: 50% luas sawah + 50% lahan pertanian bukan sawah,True,BPS Kabupaten Kediri - Tanaman Pangan; BPS Kabupaten Kediri - Penggunaan Lahan
220,Grogol,,Kacang Tanah,11.09,19.64,17.71,0.023275,0.5,proporsional: 50% luas sawah + 50% lahan pertanian bukan sawah,True,BPS Kabupaten Kediri - Tanaman Pangan; BPS Kabupaten Kediri - Penggunaan Lahan
100,Gurah,,Kacang Tanah,14.27,25.26,17.71,0.029937,0.5,proporsional: 50% luas sawah + 50% lahan pertanian bukan sawah,True,BPS Kabupaten Kediri - Tanaman Pangan; BPS Kabupaten Kediri - Penggunaan Lahan
130,Kandangan,,Kacang Tanah,15.87,28.09,17.71,0.033296,0.5,proporsional: 50% luas sawah + 50% lahan pertanian bukan sawah,True,BPS Kabupaten Kediri - Tanaman Pangan; BPS Kabupaten Kediri - Penggunaan Lahan
060,Kandat,,Kacang Tanah,16.16,28.62,17.71,0.033919,0.5,proporsional: 50% luas sawah + 50% lahan pertanian bukan sawah,True,BPS Kabupaten Kediri - Tanaman Pangan; BPS Kabupaten Kediri - Penggunaan Lahan
191,Kayenkidul,,Kacang Tanah,12.12,21.46,17.71,0.025431,0.5,proporsional: 50% luas sawah + 50% lahan pertanian bukan sawah,True,BPS Kabupaten Kediri - Tanaman Pangan; BPS Kabupaten Kediri - Penggunaan Lahan
120,Kepung,,Kacang Tanah,42.84,75.84,17.71,0.089895,0.5,proporsional: 50% luas sawah + 50% lahan pertanian bukan sawah,True,BPS Kabupaten Kediri - Tanaman Pangan; BPS Kabupaten Kediri - Penggunaan Lahan
040,Kras,,Kacang Tanah,14.51,25.69,17.71,0.030444,0.5,proporsional: 50% luas sawah + 50% lahan pertanian bukan sawah,True,BPS Kabupaten Kediri - Tanaman Pangan; BPS Kabupaten Kediri - Penggunaan Lahan
150,Kunjang,,Kacang Tanah,11.47,20.3,17.71,0.024063,0.5,proporsional: 50% luas sawah + 50% lahan pertanian bukan sawah,True,BPS Kabupaten Kediri - Tanaman Pangan; BPS Kabupaten Kediri - Penggunaan Lahan
010,Mojo,,Kacang Tanah,43.24,76.55,17.71,0.090736,0.5,proporsional: 50% luas sawah + 50% lahan pertanian bukan sawah,True,BPS Kabupaten Kediri - Tanaman Pangan; BPS Kabupaten Kediri - Penggunaan Lahan
030,Ngadiluwih,,Kacang Tanah,11.38,20.14,17.71,0.023872,0.5,proporsional: 50% luas sawah + 50% lahan pertanian bukan sawah,True,BPS Kabupaten Kediri - Tanaman Pangan; BPS Kabupaten Kediri - Penggunaan Lahan
080,Ngancar,,Kacang Tanah,33.29,58.95,17.71,0.069868,0.5,proporsional: 50% luas sawah + 50% lahan pertanian bukan sawah,True,BPS Kabupaten Kediri - Tanaman Pangan; BPS Kabupaten Kediri - Penggunaan Lahan
201,Ngasem,,Kacang Tanah,3.35,5.93,17.71,0.007032,0.5,proporsional: 50% luas sawah + 50% lahan pertanian bukan sawah,True,BPS Kabupaten Kediri - Tanaman Pangan; BPS Kabupaten Kediri - Penggunaan Lahan
190,Pagu,,Kacang Tanah,8.24,14.58,17.71,0.017283,0.5,proporsional: 50% luas sawah + 50% lahan pertanian bukan sawah,True,BPS Kabupaten Kediri - Tanaman Pangan; BPS Kabupaten Kediri - Penggunaan Lahan
180,Papar,,Kacang Tanah,11.18,19.8,17.71,0.023464,0.5,proporsional: 50% luas sawah + 50% lahan pertanian bukan sawah,True,BPS Kabupaten Kediri - Tanaman Pangan; BPS Kabupaten Kediri - Penggunaan Lahan
140,Pare,,Kacang Tanah,11.67,20.66,17.71,0.024487,0.5,proporsional: 50% luas sawah + 50% lahan pertanian bukan sawah,True,BPS Kabupaten Kediri - Tanaman Pangan; BPS Kabupaten Kediri - Penggunaan Lahan
160,Plemahan,,Kacang Tanah,18.1,32.04,17.71,0.037975,0.5,proporsional: 50% luas sawah + 50% lahan pertanian bukan sawah,True,BPS Kabupaten Kediri - Tanaman Pangan; BPS Kabupaten Kediri - Penggunaan Lahan
090,Plosoklaten,,Kacang Tanah,23.72,42.0,17.71,0.049779,0.5,proporsional: 50% luas sawah + 50% lahan pertanian bukan sawah,True,BPS Kabupaten Kediri - Tanaman Pangan; BPS Kabupaten Kediri - Penggunaan Lahan
110,Puncu,,Kacang Tanah,31.2,55.24,17.71,0.065477,0.5,proporsional: 50% luas sawah + 50% lahan pertanian bukan sawah,True,BPS Kabupaten Kediri - Tanaman Pangan; BPS Kabupaten Kediri - Penggunaan Lahan
170,Purwoasri,,Kacang Tanah,15.02,26.59,17.71,0.031521,0.5,proporsional: 50% luas sawah + 50% lahan pertanian bukan sawah,True,BPS Kabupaten Kediri - Tanaman Pangan; BPS Kabupaten Kediri - Penggunaan Lahan
050,Ringinrejo,,Kacang Tanah,11.48,20.32,17.71,0.024082,0.5,proporsional: 50% luas sawah + 50% lahan pertanian bukan sawah,True,BPS Kabupaten Kediri - Tanaman Pangan; BPS Kabupaten Kediri - Penggunaan Lahan
020,Semen,,Kacang Tanah,36.46,64.55,17.71,0.076508,0.5,proporsional: 50% luas sawah + 50% lahan pertanian bukan sawah,True,BPS Kabupaten Kediri - Tanaman Pangan; BPS Kabupaten Kediri - Penggunaan Lahan
230,Tarokan,,Kacang Tanah,15.74,27.88,17.71,0.03304,0.5,proporsional: 50% luas sawah + 50% lahan pertanian bukan sawah,True,BPS Kabupaten Kediri - Tanaman Pangan; BPS Kabupaten Kediri - Penggunaan Lahan
070,Wates,,Kacang Tanah,19.47,34.47,17.71,0.040861,0.5,proporsional: 50% luas sawah + 50% lahan pertanian bukan sawah,True,BPS Kabupaten Kediri - Tanaman Pangan; BPS Kabupaten Kediri - Penggunaan Lahan
141,Badas,,Kedelai,0.05,0.06,13.17,0.025531,0.5,proporsional: 50% luas sawah + 50% lahan pertanian bukan sawah,True,BPS Kabupaten Kediri - Tanaman Pangan; BPS Kabupaten Kediri - Penggunaan Lahan
210,Banyakan,,Kedelai,0.12,0.15,13.17,0.060875,0.5,proporsional: 50% luas sawah + 50% lahan pertanian bukan sawah,True,BPS Kabupaten Kediri - Tanaman Pangan; BPS Kabupaten Kediri - Penggunaan Lahan
200,Gampengrejo,,Kedelai,0.01,0.02,13.17,0.007349,0.5,proporsional: 50% luas sawah + 50% lahan pertanian bukan sawah,True,BPS Kabupaten Kediri - Tanaman Pangan; BPS Kabupaten Kediri - Penggunaan Lahan
220,Grogol,,Kedelai,0.04,0.06,13.17,0.023275,0.5,proporsional: 50% luas sawah + 50% lahan pertanian bukan sawah,True,BPS Kabupaten Kediri - Tanaman Pangan; BPS Kabupaten Kediri - Penggunaan Lahan
100,Gurah,,Kedelai,0.06,0.07,13.17,0.029937,0.5,proporsional: 50% luas sawah + 50% lahan pertanian bukan sawah,True,BPS Kabupaten Kediri - Tanaman Pangan; BPS Kabupaten Kediri - Penggunaan Lahan
130,Kandangan,,Kedelai,0.06,0.08,13.17,0.033296,0.5,proporsional: 50% luas sawah + 50% lahan pertanian bukan sawah,True,BPS Kabupaten Kediri - Tanaman Pangan; BPS Kabupaten Kediri - Penggunaan Lahan
060,Kandat,,Kedelai,0.06,0.08,13.17,0.033919,0.5,proporsional: 50% luas sawah + 50% lahan pertanian bukan sawah,True,BPS Kabupaten Kediri - Tanaman Pangan; BPS Kabupaten Kediri - Penggunaan Lahan
191,Kayenkidul,,Kedelai,0.05,0.06,13.17,0.025431,0.5,proporsional: 50% luas sawah + 50% lahan pertanian bukan sawah,True,BPS Kabupaten Kediri - Tanaman Pangan; BPS Kabupaten Kediri - Penggunaan Lahan
120,Kepung,,Kedelai,0.17,0.23,13.17,0.089895,0.5,proporsional: 50% luas sawah + 50% lahan pertanian bukan sawah,True,BPS Kabupaten Kediri - Tanaman Pangan; BPS Kabupaten Kediri - Penggunaan Lahan
040,Kras,,Kedelai,0.06,0.08,13.17,0.030444,0.5,proporsional: 50% luas sawah + 50% lahan pertanian bukan sawah,True,BPS Kabupaten Kediri - Tanaman Pangan; BPS Kabupaten Kediri - Penggunaan Lahan
150,Kunjang,,Kedelai,0.05,0.06,13.17,0.024063,0.5,proporsional: 50% luas sawah + 50% lahan pertanian bukan sawah,True,BPS Kabupaten Kediri - Tanaman Pangan; BPS Kabupaten Kediri - Penggunaan Lahan
010,Mojo,,Kedelai,0.17,0.23,13.17,0.090736,0.5,proporsional: 50% luas sawah + 50% lahan pertanian bukan sawah,True,BPS Kabupaten Kediri - Tanaman Pangan; BPS Kabupaten Kediri - Penggunaan Lahan
030,Ngadiluwih,,Kedelai,0.05,0.06,13.17,0.023872,0.5,proporsional: 50% luas sawah + 50% lahan pertanian bukan sawah,True,BPS Kabupaten Kediri - Tanaman Pangan; BPS Kabupaten Kediri - Penggunaan Lahan
080,Ngancar,,Kedelai,0.13,0.17,13.17,0.069868,0.5,proporsional: 50% luas sawah + 50% lahan pertanian bukan sawah,True,BPS Kabupaten Kediri - Tanaman Pangan; BPS Kabupaten Kediri - Penggunaan Lahan
201,Ngasem,,Kedelai,0.01,0.02,13.17,0.007032,0.5,proporsional: 50% luas sawah + 50% lahan pertanian bukan sawah,True,BPS Kabupaten Kediri - Tanaman Pangan; BPS Kabupaten Kediri - Penggunaan Lahan
190,Pagu,,Kedelai,0.03,0.04,13.17,0.017283,0.5,proporsional: 50% luas sawah + 50% lahan pertanian bukan sawah,True,BPS Kabupaten Kediri - Tanaman Pangan; BPS Kabupaten Kediri - Penggunaan Lahan
180,Papar,,Kedelai,0.04,0.06,13.17,0.023464,0.5,proporsional: 50% luas sawah + 50% lahan pertanian bukan sawah,True,BPS Kabupaten Kediri - Tanaman Pangan; BPS Kabupaten Kediri - Penggunaan Lahan
140,Pare,,Kedelai,0.05,0.06,13.17,0.024487,0.5,proporsional: 50% luas sawah + 50% lahan pertanian bukan sawah,True,BPS Kabupaten Kediri - Tanaman Pangan; BPS Kabupaten Kediri - Penggunaan Lahan
160,Plemahan,,Kedelai,0.07,0.1,13.17,0.037975,0.5,proporsional: 50% luas sawah + 50% lahan pertanian bukan sawah,True,BPS Kabupaten Kediri - Tanaman Pangan; BPS Kabupaten Kediri - Penggunaan Lahan
090,Plosoklaten,,Kedelai,0.09,0.12,13.17,0.049779,0.5,proporsional: 50% luas sawah + 50% lahan pertanian bukan sawah,True,BPS Kabupaten Kediri - Tanaman Pangan; BPS Kabupaten Kediri - Penggunaan Lahan
110,Puncu,,Kedelai,0.12,0.16,13.17,0.065477,0.5,proporsional: 50% luas sawah + 50% lahan pertanian bukan sawah,True,BPS Kabupaten Kediri - Tanaman Pangan; BPS Kabupaten Kediri - Penggunaan Lahan
170,Purwoasri,,Kedelai,0.06,0.08,13.17,0.031521,0.5,proporsional: 50% luas sawah + 50% lahan pertanian bukan sawah,True,BPS Kabupaten Kediri - Tanaman Pangan; BPS Kabupaten Kediri - Penggunaan Lahan
050,Ringinrejo,,Kedelai,0.05,0.06,13.17,0.024082,0.5,proporsional: 50% luas sawah + 50% lahan pertanian bukan sawah,True,BPS Kabupaten Kediri - Tanaman Pangan; BPS Kabupaten Kediri - Penggunaan Lahan
020,Semen,,Kedelai,0.15,0.19,13.17,0.076508,0.5,proporsional: 50% luas sawah + 50% lahan pertanian bukan sawah,True,BPS Kabupaten Kediri - Tanaman Pangan; BPS Kabupaten Kediri - Penggunaan Lahan
230,Tarokan,,Kedelai,0.06,0.08,13.17,0.03304,0.5,proporsional: 50% luas sawah + 50% lahan pertanian bukan sawah,True,BPS Kabupaten Kediri - Tanaman Pangan; BPS Kabupaten Kediri - Penggunaan Lahan
070,Wates,,Kedelai,0.08,0.1,13.17,0.040861,0.5,proporsional: 50% luas sawah + 50% lahan pertanian bukan sawah,True,BPS Kabupaten Kediri - Tanaman Pangan; BPS Kabupaten Kediri - Penggunaan Lahan
141,Badas,,Padi,1692.61,9815.85,57.99,0.049494,1.0,proporsional: 100% luas sawah + 0% lahan pertanian bukan sawah,True,BPS Kabupaten Kediri - Tanaman Pangan; BPS Kabupaten Kediri - Penggunaan Lahan
210,Banyakan,,Padi,782.28,4536.62,57.99,0.022875,1.0,proporsional: 100% luas sawah + 0% lahan pertanian bukan sawah,True,BPS Kabupaten Kediri - Tanaman Pangan; BPS Kabupaten Kediri - Penggunaan Lahan
200,Gampengrejo,,Padi,422.96,2452.84,57.99,0.012368,1.0,proporsional: 100% luas sawah + 0% lahan pertanian bukan sawah,True,BPS Kabupaten Kediri - Tanaman Pangan; BPS Kabupaten Kediri - Penggunaan Lahan
220,Grogol,,Padi,848.24,4919.18,57.99,0.024804,1.0,proporsional: 100% luas sawah + 0% lahan pertanian bukan sawah,True,BPS Kabupaten Kediri - Tanaman Pangan; BPS Kabupaten Kediri - Penggunaan Lahan
100,Gurah,,Padi,1763.23,10225.41,57.99,0.051559,1.0,proporsional: 100% luas sawah + 0% lahan pertanian bukan sawah,True,BPS Kabupaten Kediri - Tanaman Pangan; BPS Kabupaten Kediri - Penggunaan Lahan
130,Kandangan,,Padi,1389.16,8056.11,57.99,0.040621,1.0,proporsional: 100% luas sawah + 0% lahan pertanian bukan sawah,True,BPS Kabupaten Kediri - Tanaman Pangan; BPS Kabupaten Kediri - Penggunaan Lahan
060,Kandat,,Padi,1539.72,8929.23,57.99,0.045023,1.0,proporsional: 100% luas sawah + 0% lahan pertanian bukan sawah,True,BPS Kabupaten Kediri - Tanaman Pangan; BPS Kabupaten Kediri - Penggunaan Lahan
191,Kayenkidul,,Padi,1488.5,8632.19,57.99,0.043526,1.0,proporsional: 100% luas sawah + 0% lahan pertanian bukan sawah,True,BPS Kabupaten Kediri - Tanaman Pangan; BPS Kabupaten Kediri - Penggunaan Lahan
120,Kepung,,Padi,1828.42,10603.46,57.99,0.053465,1.0,proporsional: 100% luas sawah + 0% lahan pertanian bukan sawah,True,BPS Kabupaten Kediri - Tanaman Pangan; BPS Kabupaten Kediri - Penggunaan Lahan
040,Kras,,Padi,1700.37,9860.86,57.99,0.049721,1.0,proporsional: 100% luas sawah + 0% lahan pertanian bukan sawah,True,BPS Kabupaten Kediri - Tanaman Pangan; BPS Kabupaten Kediri - Penggunaan Lahan
150,Kunjang,,Padi,1458.23,8456.66,57.99,0.042641,1.0,proporsional: 100% luas sawah + 0% lahan pertanian bukan sawah,True,BPS Kabupaten Kediri - Tanaman Pangan; BPS Kabupaten Kediri - Penggunaan Lahan
010,Mojo,,Padi,718.64,4167.57,57.99,0.021014,1.0,proporsional: 100% luas sawah + 0% lahan pertanian bukan sawah,True,BPS Kabupaten Kediri - Tanaman Pangan; BPS Kabupaten Kediri - Penggunaan Lahan
030,Ngadiluwih,,Padi,900.24,5220.72,57.99,0.026324,1.0,proporsional: 100% luas sawah + 0% lahan pertanian bukan sawah,True,BPS Kabupaten Kediri - Tanaman Pangan; BPS Kabupaten Kediri - Penggunaan Lahan
080,Ngancar,,Padi,1170.31,6786.93,57.99,0.034221,1.0,proporsional: 100% luas sawah + 0% lahan pertanian bukan sawah,True,BPS Kabupaten Kediri - Tanaman Pangan; BPS Kabupaten Kediri - Penggunaan Lahan
201,Ngasem,,Padi,385.71,2236.81,57.99,0.011279,1.0,proporsional: 100% luas sawah + 0% lahan pertanian bukan sawah,True,BPS Kabupaten Kediri - Tanaman Pangan; BPS Kabupaten Kediri - Penggunaan Lahan
190,Pagu,,Padi,1093.48,6341.37,57.99,0.031975,1.0,proporsional: 100% luas sawah + 0% lahan pertanian bukan sawah,True,BPS Kabupaten Kediri - Tanaman Pangan; BPS Kabupaten Kediri - Penggunaan Lahan
180,Papar,,Padi,1330.18,7714.06,57.99,0.038896,1.0,proporsional: 100% luas sawah + 0% lahan pertanian bukan sawah,True,BPS Kabupaten Kediri - Tanaman Pangan; BPS Kabupaten Kediri - Penggunaan Lahan
140,Pare,,Padi,1182.73,6858.94,57.99,0.034584,1.0,proporsional: 100% luas sawah + 0% lahan pertanian bukan sawah,True,BPS Kabupaten Kediri - Tanaman Pangan; BPS Kabupaten Kediri - Penggunaan Lahan
160,Plemahan,,Padi,2484.19,14406.48,57.99,0.072641,1.0,proporsional: 100% luas sawah + 0% lahan pertanian bukan sawah,True,BPS Kabupaten Kediri - Tanaman Pangan; BPS Kabupaten Kediri - Penggunaan Lahan
090,Plosoklaten,,Padi,1670.88,9689.83,57.99,0.048859,1.0,proporsional: 100% luas sawah + 0% lahan pertanian bukan sawah,True,BPS Kabupaten Kediri - Tanaman Pangan; BPS Kabupaten Kediri - Penggunaan Lahan
110,Puncu,,Padi,578.17,3352.96,57.99,0.016906,1.0,proporsional: 100% luas sawah + 0% lahan pertanian bukan sawah,True,BPS Kabupaten Kediri - Tanaman Pangan; BPS Kabupaten Kediri - Penggunaan Lahan
170,Purwoasri,,Padi,2155.92,12502.72,57.99,0.063042,1.0,proporsional: 100% luas sawah + 0% lahan pertanian bukan sawah,True,BPS Kabupaten Kediri - Tanaman Pangan; BPS Kabupaten Kediri - Penggunaan Lahan
050,Ringinrejo,,Padi,1233.95,7155.99,57.99,0.036082,1.0,proporsional: 100% luas sawah + 0% lahan pertanian bukan sawah,True,BPS Kabupaten Kediri - Tanaman Pangan; BPS Kabupaten Kediri - Penggunaan Lahan
020,Semen,,Padi,1079.51,6260.36,57.99,0.031566,1.0,proporsional: 100% luas sawah + 0% lahan pertanian bukan sawah,True,BPS Kabupaten Kediri - Tanaman Pangan; BPS Kabupaten Kediri - Penggunaan Lahan
230,Tarokan,,Padi,685.27,3974.05,57.99,0.020038,1.0,proporsional: 100% luas sawah + 0% lahan pertanian bukan sawah,True,BPS Kabupaten Kediri - Tanaman Pangan; BPS Kabupaten Kediri - Penggunaan Lahan
070,Wates,,Padi,2615.35,15167.09,57.99,0.076476,1.0,proporsional: 100% luas sawah + 0% lahan pertanian bukan sawah,True,BPS Kabupaten Kediri - Tanaman Pangan; BPS Kabupaten Kediri - Penggunaan Lahan
141,Badas,,Ubi Jalar,0.84,24.8,293.89,0.001567,0.0,proporsional: 0% luas sawah + 100% lahan pertanian bukan sawah,True,BPS Kabupaten Kediri - Tanaman Pangan; BPS Kabupaten Kediri - Penggunaan Lahan
210,Banyakan,,Ubi Jalar,53.24,1564.77,293.89,0.098875,0.0,proporsional: 0% luas sawah + 100% lahan pertanian bukan sawah,True,BPS Kabupaten Kediri - Tanaman Pangan; BPS Kabupaten Kediri - Penggunaan Lahan
200,Gampengrejo,,Ubi Jalar,1.25,36.86,293.89,0.002329,0.0,proporsional: 0% luas sawah + 100% lahan pertanian bukan sawah,True,BPS Kabupaten Kediri - Tanaman Pangan; BPS Kabupaten Kediri - Penggunaan Lahan
220,Grogol,,Ubi Jalar,11.71,344.17,293.89,0.021747,0.0,proporsional: 0% luas sawah + 100% lahan pertanian bukan sawah,True,BPS Kabupaten Kediri - Tanaman Pangan; BPS Kabupaten Kediri - Penggunaan Lahan
100,Gurah,,Ubi Jalar,4.48,131.6,293.89,0.008316,0.0,proporsional: 0% luas sawah + 100% lahan pertanian bukan sawah,True,BPS Kabupaten Kediri - Tanaman Pangan; BPS Kabupaten Kediri - Penggunaan Lahan
130,Kandangan,,Ubi Jalar,13.99,411.0,293.89,0.02597,0.0,proporsional: 0% luas sawah + 100% lahan pertanian bukan sawah,True,BPS Kabupaten Kediri - Tanaman Pangan; BPS Kabupaten Kediri - Penggunaan Lahan
060,Kandat,,Ubi Jalar,12.29,361.05,293.89,0.022814,0.0,proporsional: 0% luas sawah + 100% lahan pertanian bukan sawah,True,BPS Kabupaten Kediri - Tanaman Pangan; BPS Kabupaten Kediri - Penggunaan Lahan
191,Kayenkidul,,Ubi Jalar,3.95,116.1,293.89,0.007336,0.0,proporsional: 0% luas sawah + 100% lahan pertanian bukan sawah,True,BPS Kabupaten Kediri - Tanaman Pangan; BPS Kabupaten Kediri - Penggunaan Lahan
120,Kepung,,Ubi Jalar,68.03,1999.2,293.89,0.126325,0.0,proporsional: 0% luas sawah + 100% lahan pertanian bukan sawah,True,BPS Kabupaten Kediri - Tanaman Pangan; BPS Kabupaten Kediri - Penggunaan Lahan
040,Kras,,Ubi Jalar,6.01,176.73,293.89,0.011167,0.0,proporsional: 0% luas sawah + 100% lahan pertanian bukan sawah,True,BPS Kabupaten Kediri - Tanaman Pangan; BPS Kabupaten Kediri - Penggunaan Lahan
150,Kunjang,,Ubi Jalar,2.95,86.82,293.89,0.005486,0.0,proporsional: 0% luas sawah + 100% lahan pertanian bukan sawah,True,BPS Kabupaten Kediri - Tanaman Pangan; BPS Kabupaten Kediri - Penggunaan Lahan
010,Mojo,,Ubi Jalar,86.41,2539.4,293.89,0.160459,0.0,proporsional: 0% luas sawah + 100% lahan pertanian bukan sawah,True,BPS Kabupaten Kediri - Tanaman Pangan; BPS Kabupaten Kediri - Penggunaan Lahan
030,Ngadiluwih,,Ubi Jalar,11.54,339.0,293.89,0.021421,0.0,proporsional: 0% luas sawah + 100% lahan pertanian bukan sawah,True,BPS Kabupaten Kediri - Tanaman Pangan; BPS Kabupaten Kediri - Penggunaan Lahan
080,Ngancar,,Ubi Jalar,56.82,1669.85,293.89,0.105514,0.0,proporsional: 0% luas sawah + 100% lahan pertanian bukan sawah,True,BPS Kabupaten Kediri - Tanaman Pangan; BPS Kabupaten Kediri - Penggunaan Lahan
201,Ngasem,,Ubi Jalar,1.5,44.1,293.89,0.002786,0.0,proporsional: 0% luas sawah + 100% lahan pertanian bukan sawah,True,BPS Kabupaten Kediri - Tanaman Pangan; BPS Kabupaten Kediri - Penggunaan Lahan
190,Pagu,,Ubi Jalar,1.39,41.0,293.89,0.002591,0.0,proporsional: 0% luas sawah + 100% lahan pertanian bukan sawah,True,BPS Kabupaten Kediri - Tanaman Pangan; BPS Kabupaten Kediri - Penggunaan Lahan
180,Papar,,Ubi Jalar,4.33,127.12,293.89,0.008033,0.0,proporsional: 0% luas sawah + 100% lahan pertanian bukan sawah,True,BPS Kabupaten Kediri - Tanaman Pangan; BPS Kabupaten Kediri - Penggunaan Lahan
140,Pare,,Ubi Jalar,7.75,227.72,293.89,0.014389,0.0,proporsional: 0% luas sawah + 100% lahan pertanian bukan sawah,True,BPS Kabupaten Kediri - Tanaman Pangan; BPS Kabupaten Kediri - Penggunaan Lahan
160,Plemahan,,Ubi Jalar,1.78,52.37,293.89,0.003309,0.0,proporsional: 0% luas sawah + 100% lahan pertanian bukan sawah,True,BPS Kabupaten Kediri - Tanaman Pangan; BPS Kabupaten Kediri - Penggunaan Lahan
090,Plosoklaten,,Ubi Jalar,27.3,802.37,293.89,0.0507,0.0,proporsional: 0% luas sawah + 100% lahan pertanian bukan sawah,True,BPS Kabupaten Kediri - Tanaman Pangan; BPS Kabupaten Kediri - Penggunaan Lahan
110,Puncu,,Ubi Jalar,61.41,1804.9,293.89,0.114047,0.0,proporsional: 0% luas sawah + 100% lahan pertanian bukan sawah,True,BPS Kabupaten Kediri - Tanaman Pangan; BPS Kabupaten Kediri - Penggunaan Lahan
170,Purwoasri,,Ubi Jalar,0.0,0.0,,0.0,0.0,proporsional: 0% luas sawah + 100% lahan pertanian bukan sawah,True,BPS Kabupaten Kediri - Tanaman Pangan; BPS Kabupaten Kediri - Penggunaan Lahan
050,Ringinrejo,,Ubi Jalar,6.51,191.2,293.89,0.012082,0.0,proporsional: 0% luas sawah + 100% lahan pertanian bukan sawah,True,BPS Kabupaten Kediri - Tanaman Pangan; BPS Kabupaten Kediri - Penggunaan Lahan
020,Semen,,Ubi Jalar,65.4,1922.03,293.89,0.121449,0.0,proporsional: 0% luas sawah + 100% lahan pertanian bukan sawah,True,BPS Kabupaten Kediri - Tanaman Pangan; BPS Kabupaten Kediri - Penggunaan Lahan
230,Tarokan,,Ubi Jalar,24.79,728.64,293.89,0.046041,0.0,proporsional: 0% luas sawah + 100% lahan pertanian bukan sawah,True,BPS Kabupaten Kediri - Tanaman Pangan; BPS Kabupaten Kediri - Penggunaan Lahan
070,Wates,,Ubi Jalar,2.83,83.03,293.89,0.005246,0.0,proporsional: 0% luas sawah + 100% lahan pertanian bukan sawah,True,BPS Kabupaten Kediri - Tanaman Pangan; BPS Kabupaten Kediri - Penggunaan Lahan
141,Badas,,Ubi Kayu,1.02,29.15,284.88,0.001567,0.0,proporsional: 0% luas sawah + 100% lahan pertanian bukan sawah,True,BPS Kabupaten Kediri - Tanaman Pangan; BPS Kabupaten Kediri - Penggunaan Lahan
210,Banyakan,,Ubi Kayu,64.55,1838.77,284.88,0.098875,0.0,proporsional: 0% luas sawah + 100% lahan pertanian bukan sawah,True,BPS Kabupaten Kediri - Tanaman Pangan; BPS Kabupaten Kediri - Penggunaan Lahan
200,Gampengrejo,,Ubi Kayu,1.52,43.32,284.88,0.002329,0.0,proporsional: 0% luas sawah + 100% lahan pertanian bukan sawah,True,BPS Kabupaten Kediri - Tanaman Pangan; BPS Kabupaten Kediri - Penggunaan Lahan
220,Grogol,,Ubi Kayu,14.2,404.43,284.88,0.021747,0.0,proporsional: 0% luas sawah + 100% lahan pertanian bukan sawah,True,BPS Kabupaten Kediri - Tanaman Pangan; BPS Kabupaten Kediri - Penggunaan Lahan
100,Gurah,,Ubi Kayu,5.43,154.65,284.88,0.008316,0.0,proporsional: 0% luas sawah + 100% lahan pertanian bukan sawah,True,BPS Kabupaten Kediri - Tanaman Pangan; BPS Kabupaten Kediri - Penggunaan Lahan
130,Kandangan,,Ubi Kayu,16.95,482.97,284.88,0.02597,0.0,proporsional: 0% luas sawah + 100% lahan pertanian bukan sawah,True,BPS Kabupaten Kediri - Tanaman Pangan; BPS Kabupaten Kediri - Penggunaan Lahan
060,Kandat,,Ubi Kayu,14.89,424.27,284.88,0.022814,0.0,proporsional: 0% luas sawah + 100% lahan pertanian bukan sawah,True,BPS Kabupaten Kediri - Tanaman Pangan; BPS Kabupaten Kediri - Penggunaan Lahan
191,Kayenkidul,,Ubi Kayu,4.79,136.43,284.88,0.007336,0.0,proporsional: 0% luas sawah + 100% lahan pertanian bukan sawah,True,BPS Kabupaten Kediri - Tanaman Pangan; BPS Kabupaten Kediri - Penggunaan Lahan
120,Kepung,,Ubi Kayu,82.47,2349.27,284.88,0.126325,0.0,proporsional: 0% luas sawah + 100% lahan pertanian bukan sawah,True,BPS Kabupaten Kediri - Tanaman Pangan; BPS Kabupaten Kediri - Penggunaan Lahan
040,Kras,,Ubi Kayu,7.29,207.68,284.88,0.011167,0.0,proporsional: 0% luas sawah + 100% lahan pertanian bukan sawah,True,BPS Kabupaten Kediri - Tanaman Pangan; BPS Kabupaten Kediri - Penggunaan Lahan
150,Kunjang,,Ubi Kayu,3.58,102.02,284.88,0.005486,0.0,proporsional: 0% luas sawah + 100% lahan pertanian bukan sawah,True,BPS Kabupaten Kediri - Tanaman Pangan; BPS Kabupaten Kediri - Penggunaan Lahan
010,Mojo,,Ubi Kayu,104.75,2984.06,284.88,0.160459,0.0,proporsional: 0% luas sawah + 100% lahan pertanian bukan sawah,True,BPS Kabupaten Kediri - Tanaman Pangan; BPS Kabupaten Kediri - Penggunaan Lahan
030,Ngadiluwih,,Ubi Kayu,13.98,398.36,284.88,0.021421,0.0,proporsional: 0% luas sawah + 100% lahan pertanian bukan sawah,True,BPS Kabupaten Kediri - Tanaman Pangan; BPS Kabupaten Kediri - Penggunaan Lahan
080,Ngancar,,Ubi Kayu,68.88,1962.25,284.88,0.105514,0.0,proporsional: 0% luas sawah + 100% lahan pertanian bukan sawah,True,BPS Kabupaten Kediri - Tanaman Pangan; BPS Kabupaten Kediri - Penggunaan Lahan
201,Ngasem,,Ubi Kayu,1.82,51.82,284.88,0.002786,0.0,proporsional: 0% luas sawah + 100% lahan pertanian bukan sawah,True,BPS Kabupaten Kediri - Tanaman Pangan; BPS Kabupaten Kediri - Penggunaan Lahan
190,Pagu,,Ubi Kayu,1.69,48.18,284.88,0.002591,0.0,proporsional: 0% luas sawah + 100% lahan pertanian bukan sawah,True,BPS Kabupaten Kediri - Tanaman Pangan; BPS Kabupaten Kediri - Penggunaan Lahan
180,Papar,,Ubi Kayu,5.24,149.39,284.88,0.008033,0.0,proporsional: 0% luas sawah + 100% lahan pertanian bukan sawah,True,BPS Kabupaten Kediri - Tanaman Pangan; BPS Kabupaten Kediri - Penggunaan Lahan
140,Pare,,Ubi Kayu,9.39,267.6,284.88,0.014389,0.0,proporsional: 0% luas sawah + 100% lahan pertanian bukan sawah,True,BPS Kabupaten Kediri - Tanaman Pangan; BPS Kabupaten Kediri - Penggunaan Lahan
160,Plemahan,,Ubi Kayu,2.16,61.54,284.88,0.003309,0.0,proporsional: 0% luas sawah + 100% lahan pertanian bukan sawah,True,BPS Kabupaten Kediri - Tanaman Pangan; BPS Kabupaten Kediri - Penggunaan Lahan
090,Plosoklaten,,Ubi Kayu,33.1,942.87,284.88,0.0507,0.0,proporsional: 0% luas sawah + 100% lahan pertanian bukan sawah,True,BPS Kabupaten Kediri - Tanaman Pangan; BPS Kabupaten Kediri - Penggunaan Lahan
110,Puncu,,Ubi Kayu,74.45,2120.94,284.88,0.114047,0.0,proporsional: 0% luas sawah + 100% lahan pertanian bukan sawah,True,BPS Kabupaten Kediri - Tanaman Pangan; BPS Kabupaten Kediri - Penggunaan Lahan
170,Purwoasri,,Ubi Kayu,0.0,0.0,,0.0,0.0,proporsional: 0% luas sawah + 100% lahan pertanian bukan sawah,True,BPS Kabupaten Kediri - Tanaman Pangan; BPS Kabupaten Kediri - Penggunaan Lahan
050,Ringinrejo,,Ubi Kayu,7.89,224.68,284.88,0.012082,0.0,proporsional: 0% luas sawah + 100% lahan pertanian bukan sawah,True,BPS Kabupaten Kediri - Tanaman Pangan; BPS Kabupaten Kediri - Penggunaan Lahan
020,Semen,,Ubi Kayu,79.28,2258.59,284.88,0.121449,0.0,proporsional: 0% luas sawah + 100% lahan pertanian bukan sawah,True,BPS Kabupaten Kediri - Tanaman Pangan; BPS Kabupaten Kediri - Penggunaan Lahan
230,Tarokan,,Ubi Kayu,30.06,856.23,284.88,0.046041,0.0,proporsional: 0% luas sawah + 100% lahan pertanian bukan sawah,True,BPS Kabupaten Kediri - Tanaman Pangan; BPS Kabupaten Kediri - Penggunaan Lahan
070,Wates,,Ubi Kayu,3.42,97.57,284.88,0.005246,0.0,proporsional: 0% luas sawah + 100% lahan pertanian bukan sawah,True,BPS Kabupaten Kediri - Tanaman Pangan; BPS Kabupaten Kediri - Penggunaan Lahan
