komoditas,luas_panen,satuan
Bawang Daun/Scallion,610.5,ha
Bawang Merah/Shallots,1205.5,ha
Bawang Putih/Garlic,0.0,ha
Bayam/Spinach,45.0,ha
Buncis/string bean,167.5,ha
Cabai Rawit/Chili/Cayenne Pepper,9761.0,ha
Kacang Panjang/Long Beans,419.7,ha
Kangkung/Water Spinach,15.0,ha
Kembang Kol/Cauliflower,190.0,ha
Kentang/Potato,0.0,ha
Ketimun/Cucumber,330.0,ha
Kubis/Cabbage,0.0,ha
Labu Siam/Chayote,0.0,ha
Melon/Melon,52.0,ha
Paprika/Bell Pepper,0.0,ha
Petsai/Sawi/Chinese Cabbage/mustard green,314.0,ha
Semangka/Watermelon,108.0,ha
Stroberi/Strawberry,0.0,ha
Terung/Eggplant,337.0,ha
Tomat/Tomato,368.25,ha
Wortel/Carrot,0.0,ha
Cabai Besar/TW/Teropong/Chili/Big chili,912.0,ha
Cabai Keriting / Chili/Curly chili,340.8,ha
Jamur Tiram/King Oyster Mushroom,2948.0,m2
Jamur Merang/Straw Mushroom,0.0,m2
Jamur Lainnya/Mushroom,0.0,m2
