komoditas,produksi_kuintal,satuan
Alpukat/Avocado,228170.92,kw/qui
Anggur/Grape,0.0,kw/qui
Apel/Apple,0.0,kw/qui
Belimbing/Star Fruit,44857.12,kw/qui
Duku/Langsat/Kokosan/Duku,43.0,kw/qui
Durian/Durian,202306.48,kw/qui
Jambu Air/Water Apple,21762.93,kw/qui
Jambu Biji/Guava,16287.51,kw/qui
Jengkol/Jengkol,115.5,kw/qui
Jeruk Besar/Pomelo,40.25,kw/qui
Jeruk Siam/Keprok/Orange/Tangerine,112267.5,kw/qui
Mangga/Mango,834761.71,kw/qui
Manggis/Mangosteen,6537.0,kw/qui
Melinjo/Gnetum/Melinjo,63942.11,kw/qui
Nangka/Cempedak/Jackfruit,47050.39,kw/qui
Nenas/Pineapple,4248946.23,kw/qui
Pepaya/Papaya,59164.0,kw/qui
Petai/Twisted Cluster Bean,33043.57,kw/qui
Pisang/Banana,622222.84,kw/qui
Rambutan/Rambutan,59573.5,kw/qui
Salak/Snakefruit,2396.6,kw/qui
Sawo/Sapodilla/Sawo,15704.01,kw/qui
Sirsak/Soursop,43820.12,kw/qui
Sukun/Breadfruit,4519.75,kw/qui
Buah Naga/Hylocereus polyrhizus,5122.0,kw/qui
Jeruk Lemon/Lemon,5330.86,kw/qui
Lengkeng/Dimocarpus longan,7781.89,kw/qui
