kecamatan,komoditas,produksi_kg,is_estimate,metode,status_qc
Kediri,Jahe,133603.0,False,Data sumber BPS tingkat kecamatan,OK
Kediri,Kapulaga,21263.0,False,Data sumber BPS tingkat kecamatan,OK
Kediri,Keji Beling,,False,Data sumber BPS tingkat kecamatan,NULL
Kediri,Kencur,6910.0,False,Data sumber BPS tingkat kecamatan,OK
Kediri,Kunyit,6045767.0,False,Data sumber BPS tingkat kecamatan,OK
Kediri,Laos/Lengkuas,11444.0,False,Data sumber BPS tingkat kecamatan,OK
Kediri,Lempuyang,,False,Data sumber BPS tingkat kecamatan,NULL
Kediri,Lidah Buaya,12595.0,False,Data sumber BPS tingkat kecamatan,OK
Kediri,Mahkota Dewa,,False,Data sumber BPS tingkat kecamatan,NULL
Kediri,Mengkudu/Pace,6972.0,False,Data sumber BPS tingkat kecamatan,OK
Kediri,Sambiloto,,False,Data sumber BPS tingkat kecamatan,NULL
Kediri,Temuireng,29.0,False,Data sumber BPS tingkat kecamatan,OK
Kediri,Temukunci,,False,Data sumber BPS tingkat kecamatan,NULL
Kediri,Temulawak,884763.0,False,Data sumber BPS tingkat kecamatan,OK
Kediri,Jeruk Nipis,374273.0,False,Data sumber BPS tingkat kecamatan,OK
Kediri,Serai,62124.0,False,Data sumber BPS tingkat kecamatan,OK
