kecamatan,luas_sawah_ha,proporsi_sawah,persentase_sawah,Tanaman,luas_panen_kab_ha,produksi_kab_ton,produktivitas_kab_kuintal_ha,luas_panen_estimasi_ha,produksi_estimasi_ton,produktivitas_estimasi_kuintal_ha
Mojo,926,0.021013933644987066,2.1013933644987066,Padi,34198.23,198324.32,57.992568621242,718.6393359960061,4167.5741006671815,57.9925686212415
Mojo,926,0.021013933644987066,2.1013933644987066,Kedelai,1.9,2.5030348615385,13.17386769,0.03992647392547542,0.05259860849145943,13.173867692307894
Mojo,926,0.021013933644987066,2.1013933644987066,Kacang Tanah,476.5,843.69645825108,17.706116647452,10.013139381836337,17.729381390198796,17.706116647451836
Mojo,926,0.021013933644987066,2.1013933644987066,Ubi Jalar,538.5,15825.8317,293.88731104921,11.316003267825534,332.56297722053284,293.8873110492108
Mojo,926,0.021013933644987066,2.1013933644987066,Ketela Pohon,652.8,18597.024533333,284.88089052287,13.717895883447556,390.7966395376562,284.8808905228707
Semen,1391,0.03156628693323651,3.156628693323651,Padi,34198.23,198324.32,57.992568621242,1079.5111407888169,6260.362390959016,57.9925686212415
Semen,1391,0.03156628693323651,3.156628693323651,Kedelai,1.9,2.5030348615385,13.17386769,0.05997594517314936,0.0790115166432182,13.173867692307898
Semen,1391,0.03156628693323651,3.156628693323651,Kacang Tanah,476.5,843.69645825108,17.706116647452,15.041335723687196,26.632364485708987,17.706116647451836
Semen,1391,0.03156628693323651,3.156628693323651,Ubi Jalar,538.5,15825.8317,293.88731104921,16.99844551354786,499.56274439931013,293.8873110492108
Semen,1391,0.03156628693323651,3.156628693323651,Ketela Pohon,652.8,18597.024533333,284.88089052287,20.606472110016792,587.0390125236282,284.8808905228707
Ngadiluwih,1160,0.02632415013842872,2.632415013842872,Padi,34198.23,198324.32,57.992568621242,900.2393409885174,5220.719175781782,57.992568621241496
Ngadiluwih,1160,0.02632415013842872,2.632415013842872,Kedelai,1.9,2.5030348615385,13.17386769,0.050015885263014564,0.06589026549686063,13.173867692307898
Ngadiluwih,1160,0.02632415013842872,2.632415013842872,Kacang Tanah,476.5,843.69645825108,17.706116647452,12.543457540961285,22.20959223826199,17.70611664745184
Ngadiluwih,1160,0.02632415013842872,2.632415013842872,Ubi Jalar,538.5,15825.8317,293.88731104921,14.175554849543866,416.60156973630467,293.8873110492108
Ngadiluwih,1160,0.02632415013842872,2.632415013842872,Ketela Pohon,652.8,18597.024533333,284.88089052287,17.18440521036627,489.5508659435002,284.8808905228707
Kras,2191,0.04972087323560114,4.972087323560114,Padi,34198.23,198324.32,57.992568621242,1700.365858711932,9860.858374256797,57.99256862124152
Kras,2191,0.04972087323560114,4.972087323560114,Kedelai,1.9,2.5030348615385,13.17386769,0.09446965914764216,0.12445307905484622,13.173867692307898
Kras,2191,0.04972087323560114,4.972087323560114,Kacang Tanah,476.5,843.69645825108,17.706116647452,23.691996096763944,41.9493246500276,17.706116647451836
Kras,2191,0.04972087323560114,4.972087323560114,Ubi Jalar,538.5,15825.8317,293.88731104921,26.774690237371214,786.8741718036581,293.8873110492108
Kras,2191,0.04972087323560114,4.972087323560114,Ketela Pohon,652.8,18597.024533333,284.88089052287,32.457786048200425,924.6602993812145,284.8808905228707
Ringinrejo,1590,0.03608224027594971,3.608224027594971,Padi,34198.23,198324.32,57.992568621242,1233.9487518721917,7155.985766804339,57.9925686212415
Ringinrejo,1590,0.03608224027594971,3.608224027594971,Kedelai,1.9,2.5030348615385,13.17386769,0.06855625652430444,0.09031510529311067,13.173867692307894
Ringinrejo,1590,0.03608224027594971,3.608224027594971,Kacang Tanah,476.5,843.69645825108,17.706116647452,17.193187491490036,30.442458326583242,17.706116647451836
Ringinrejo,1590,0.03608224027594971,3.608224027594971,Ubi Jalar,538.5,15825.8317,293.88731104921,19.43028638859892,571.0314619661417,293.8873110492108
Ringinrejo,1590,0.03608224027594971,3.608224027594971,Ketela Pohon,652.8,18597.024533333,284.88089052287,23.55448645213997,671.0223076294527,284.8808905228707
Kandat,1984,0.045023374029864296,4.50233740298643,Padi,34198.23,198324.32,57.992568621242,1539.7197004493262,8929.230038578497,57.9925686212415
Kandat,1984,0.045023374029864296,4.50233740298643,Kedelai,1.9,2.5030348615385,13.17386769,0.08554441065674216,0.11269507478083748,13.173867692307898
Kandat,1984,0.045023374029864296,4.50233740298643,Kacang Tanah,476.5,843.69645825108,17.706116647452,21.453637725230337,37.98606120751016,17.706116647451836
Kandat,1984,0.045023374029864296,4.50233740298643,Ubi Jalar,538.5,15825.8317,293.88731104921,24.245086915081924,712.5323399627831,293.8873110492108
Kandat,1984,0.045023374029864296,4.50233740298643,Ketela Pohon,652.8,18597.024533333,284.88089052287,29.39125856669541,837.3007914068141,284.88089052287074
Wates,3370,0.07647619479871103,7.647619479871103,Padi,34198.23,198324.32,57.992568621242,2615.3504992511234,15167.089329641902,57.99256862124152
Wates,3370,0.07647619479871103,7.647619479871103,Kedelai,1.9,2.5030348615385,13.17386769,0.14530477011755094,0.19142258165898302,13.173867692307898
Wates,3370,0.07647619479871103,7.647619479871103,Kacang Tanah,476.5,843.69645825108,17.706116647452,36.440906821585806,64.52269469219216,17.706116647451836
Wates,3370,0.07647619479871103,7.647619479871103,Ubi Jalar,538.5,15825.8317,293.88731104921,41.18243089910589,1210.2993879408161,293.8873110492108
Wates,3370,0.07647619479871103,7.647619479871103,Ketela Pohon,652.8,18597.024533333,284.88089052287,49.923659964598556,1422.2296708875824,284.8808905228707
Ngancar,1508,0.034221395179957335,3.4221395179957335,Padi,34198.23,198324.32,57.992568621242,1170.3111432850724,6786.934928516316,57.9925686212415
Ngancar,1508,0.034221395179957335,3.4221395179957335,Kedelai,1.9,2.5030348615385,13.17386769,0.06502065084191894,0.0856573451459188,13.173867692307894
Ngancar,1508,0.034221395179957335,3.4221395179957335,Kacang Tanah,476.5,843.69645825108,17.706116647452,16.30649480324967,28.872469909740584,17.706116647451836
Ngancar,1508,0.034221395179957335,3.4221395179957335,Ubi Jalar,538.5,15825.8317,293.88731104921,18.428221304407025,541.582040657196,293.8873110492108
Ngancar,1508,0.034221395179957335,3.4221395179957335,Ketela Pohon,652.8,18597.024533333,284.88089052287,22.339726773476148,636.4161257265501,284.8808905228707
Plosoklaten,2153,0.04885853038623882,4.885853038623882,Padi,34198.23,198324.32,57.992568621242,1670.8752596105842,9689.834815050152,57.9925686212415
Plosoklaten,2153,0.04885853038623882,4.885853038623882,Kedelai,1.9,2.5030348615385,13.17386769,0.09283120773385375,0.12229460484029389,13.173867692307898
Plosoklaten,2153,0.04885853038623882,4.885853038623882,Kacang Tanah,476.5,843.69645825108,17.706116647452,23.281089729042797,41.22176904222247,17.70611664745184
Plosoklaten,2153,0.04885853038623882,4.885853038623882,Ubi Jalar,538.5,15825.8317,293.88731104921,26.310318612989605,773.2268790019516,293.8873110492108
Plosoklaten,2153,0.04885853038623882,4.885853038623882,Ketela Pohon,652.8,18597.024533333,284.88089052287,31.8948486361367,908.6232882554792,284.88089052287074
Gurah,2272,0.051559025098715565,5.155902509871557,Padi,34198.23,198324.32,57.992568621242,1763.2273989016478,10225.408592565698,57.9925686212415
Gurah,2272,0.051559025098715565,5.155902509871557,Kedelai,1.9,2.5030348615385,13.17386769,0.09796214768755956,0.12905403724902356,13.173867692307898
Gurah,2272,0.051559025098715565,5.155902509871557,Kacang Tanah,476.5,843.69645825108,17.706116647452,24.567875459537966,43.50016686666486,17.706116647451836
Gurah,2272,0.051559025098715565,5.155902509871557,Ubi Jalar,538.5,15825.8317,293.88731104921,27.764535015658332,815.9644538283485,293.8873110492108
Gurah,2272,0.051559025098715565,5.155902509871557,Ketela Pohon,652.8,18597.024533333,284.88089052287,33.65773158444152,958.8444546755452,284.8808905228707
Puncu,745,0.016906458494077067,1.6906458494077066,Padi,34198.23,198324.32,57.992568621242,578.1709560659012,3352.9618844460583,57.9925686212415
Puncu,745,0.016906458494077067,1.6906458494077066,Kedelai,1.9,2.5030348615385,13.17386769,0.032122271138746425,0.04231745499582859,13.173867692307898
Puncu,745,0.016906458494077067,1.6906458494077066,Kacang Tanah,476.5,843.69645825108,17.706116647452,8.055927472427722,14.263919153021709,17.706116647451836
Puncu,745,0.016906458494077067,1.6906458494077066,Ubi Jalar,538.5,15825.8317,293.88731104921,9.1041278990605,267.5587667702991,293.8873110492107
Puncu,745,0.016906458494077067,1.6906458494077066,Ketela Pohon,652.8,18597.024533333,284.88089052287,11.036536104933509,314.40982338612724,284.8808905228707
Kepung,2356,0.05346525666046385,5.346525666046385,Padi,34198.23,198324.32,57.992568621242,1828.417144283575,10603.460670811965,57.9925686212415
Kepung,2356,0.05346525666046385,5.346525666046385,Kedelai,1.9,2.5030348615385,13.17386769,0.10158398765488132,0.13382540130224452,13.173867692307898
Kepung,2356,0.05346525666046385,5.346525666046385,Kacang Tanah,476.5,843.69645825108,17.706116647452,25.476194798711028,45.10844768391832,17.706116647451836
Kepung,2356,0.05346525666046385,5.346525666046385,Ubi Jalar,538.5,15825.8317,293.88731104921,28.791040711659786,846.132153705805,293.8873110492107
Kepung,2356,0.05346525666046385,5.346525666046385,Ketela Pohon,652.8,18597.024533333,284.88089052287,34.902119547950804,994.2946897955918,284.8808905228707
Kandangan,1790,0.04062088685154087,4.0620886851540865,Padi,34198.23,198324.32,57.992568621242,1389.1624313529705,8056.109762628784,57.9925686212415
Kandangan,1790,0.04062088685154087,4.0620886851540865,Kedelai,1.9,2.5030348615385,13.17386769,0.07717968501792764,0.10167549589601767,13.173867692307894
Kandangan,1790,0.04062088685154087,4.0620886851540865,Kacang Tanah,476.5,843.69645825108,17.706116647452,19.355852584759223,34.27169836766289,17.706116647451836
Kandangan,1790,0.04062088685154087,4.0620886851540865,Ubi Jalar,538.5,15825.8317,293.88731104921,21.874347569554757,642.8593188172287,293.8873110492108
Kandangan,1790,0.04062088685154087,4.0620886851540865,Ketela Pohon,652.8,18597.024533333,284.88089052287,26.517314936685878,755.4276293438494,284.8808905228707
Pare,1524,0.03458448690600463,3.458448690600463,Padi,34198.23,198324.32,57.992568621242,1182.7282376435348,6858.944848182273,57.9925686212415
Pare,1524,0.03458448690600463,3.458448690600463,Kedelai,1.9,2.5030348615385,13.17386769,0.06571052512140879,0.08656617639415137,13.173867692307898
Pare,1524,0.03458448690600463,3.458448690600463,Kacang Tanah,476.5,843.69645825108,17.706116647452,16.479508010711207,29.178809113026958,17.706116647451836
Pare,1524,0.03458448690600463,3.458448690600463,Ubi Jalar,538.5,15825.8317,293.88731104921,18.62374619888349,547.328269205283,293.88731104921084
Pare,1524,0.03458448690600463,3.458448690600463,Ketela Pohon,652.8,18597.024533333,284.88089052287,22.57675305223982,643.168551463702,284.88089052287074
Badas,2181,0.04949394090682158,4.9493940906821585,Padi,34198.23,198324.32,57.992568621242,1692.6051747378933,9815.852174465574,57.992568621241496
Badas,2181,0.04949394090682158,4.9493940906821585,Kedelai,1.9,2.5030348615385,13.17386769,0.094038487722961,0.12388505952470087,13.173867692307898
Badas,2181,0.04949394090682158,4.9493940906821585,Kacang Tanah,476.5,843.69645825108,17.706116647452,23.583862842100483,41.75786264797362,17.706116647451836
Badas,2181,0.04949394090682158,4.9493940906821585,Ubi Jalar,538.5,15825.8317,293.88731104921,26.652487178323423,783.2827789611038,293.8873110492108
Badas,2181,0.04949394090682158,4.9493940906821585,Ketela Pohon,652.8,18597.024533333,284.88089052287,32.30964462397313,920.4400332954947,284.8808905228707
Kunjang,1879,0.042640584577678935,4.264058457767893,Padi,34198.23,198324.32,57.992568621242,1458.2325187219171,8456.664940770663,57.99256862124152
Kunjang,1879,0.042640584577678935,4.264058457767893,Kedelai,1.9,2.5030348615385,13.17386769,0.08101711069758998,0.1067308697143113,13.173867692307894
Kunjang,1879,0.042640584577678935,4.264058457767893,Kacang Tanah,476.5,843.69645825108,17.706116647452,20.318238551264013,35.97571018594334,17.706116647451836
Kunjang,1879,0.042640584577678935,4.264058457767893,Ubi Jalar,538.5,15825.8317,293.88731104921,22.961954795080107,674.8227151159624,293.8873110492108
Kunjang,1879,0.042640584577678935,4.264058457767893,Ketela Pohon,652.8,18597.024533333,284.88089052287,27.835773612308806,792.9879975067558,284.88089052287074
Plemahan,3201,0.07264103844233649,7.264103844233649,Padi,34198.23,198324.32,57.992568621242,2484.194940089865,14406.484553170245,57.99256862124152
Plemahan,3201,0.07264103844233649,7.264103844233649,Kedelai,1.9,2.5030348615385,13.17386769,0.13801797304043933,0.18182305159952658,13.173867692307894
Plemahan,3201,0.07264103844233649,7.264103844233649,Kacang Tanah,476.5,843.69645825108,17.706116647452,34.61345481777334,61.286986857479846,17.706116647451836
Plemahan,3201,0.07264103844233649,7.264103844233649,Ubi Jalar,538.5,15825.8317,293.88731104921,39.117199201198204,1149.6048489016475,293.8873110492107
Plemahan,3201,0.07264103844233649,7.264103844233649,Ketela Pohon,652.8,18597.024533333,284.88089052287,47.42006989515726,1350.9071740389172,284.8808905228707
Purwoasri,2778,0.0630418009349612,6.30418009349612,Padi,34198.23,198324.32,57.992568621242,2155.9180079880184,12502.722302001544,57.9925686212415
Purwoasri,2778,0.0630418009349612,6.30418009349612,Kedelai,1.9,2.5030348615385,13.17386769,0.11977942177642628,0.1577958254743783,13.173867692307894
Purwoasri,2778,0.0630418009349612,6.30418009349612,Kacang Tanah,476.5,843.69645825108,17.706116647452,30.03941814550901,53.18814417059639,17.706116647451836
Purwoasri,2778,0.0630418009349612,6.30418009349612,Ubi Jalar,538.5,15825.8317,293.88731104921,33.94800980347661,997.6889316615986,293.8873110492108
Purwoasri,2778,0.0630418009349612,6.30418009349612,Ketela Pohon,652.8,18597.024533333,284.88089052287,41.15368765034267,1172.3899186129686,284.8808905228707
Papar,1714,0.03889620115281623,3.889620115281623,Padi,34198.23,198324.32,57.992568621242,1330.1812331502747,7714.062644215495,57.9925686212415
Papar,1714,0.03889620115281623,3.889620115281623,Kedelai,1.9,2.5030348615385,13.17386769,0.07390278219035083,0.09735854746691303,13.173867692307898
Papar,1714,0.03889620115281623,3.889620115281623,Kacang Tanah,476.5,843.69645825108,17.706116647452,18.534039849316933,32.81658715205263,17.706116647451836
Papar,1714,0.03889620115281623,3.889620115281623,Ubi Jalar,538.5,15825.8317,293.88731104921,20.94560432079154,615.5647332138157,293.88731104921084
Papar,1714,0.03889620115281623,3.889620115281623,Ketela Pohon,652.8,18597.024533333,284.88089052287,25.391440112558435,723.3536070923786,284.8808905228707
Pagu,1409,0.03197476512503971,3.197476512503971,Padi,34198.23,198324.32,57.992568621242,1093.4803719420868,6341.373550583216,57.9925686212415
Pagu,1409,0.03197476512503971,3.197476512503971,Kedelai,1.9,2.5030348615385,13.17386769,0.060752053737575445,0.08003395179747984,13.173867692307898
Pagu,1409,0.03197476512503971,3.197476512503971,Kacang Tanah,476.5,843.69645825108,17.706116647452,15.235975582081421,26.976996089406153,17.706116647451836
Pagu,1409,0.03197476512503971,3.197476512503971,Ubi Jalar,538.5,15825.8317,293.88731104921,17.218411019833884,506.02725151590795,293.88731104921084
Pagu,1409,0.03197476512503971,3.197476512503971,Ketela Pohon,652.8,18597.024533333,284.88089052287,20.873126673625922,594.6354914779239,284.88089052287074
Kayenkidul,1918,0.04352562065991921,4.352562065991921,Padi,34198.23,198324.32,57.992568621242,1488.4991862206691,8632.189119956429,57.9925686212415
Kayenkidul,1918,0.04352562065991921,4.352562065991921,Kedelai,1.9,2.5030348615385,13.17386769,0.0826986792538465,0.10894614588187816,13.173867692307898
Kayenkidul,1918,0.04352562065991921,4.352562065991921,Kacang Tanah,476.5,843.69645825108,17.706116647452,20.739958244451504,36.72241199395388,17.706116647451836
Kayenkidul,1918,0.04352562065991921,4.352562065991921,Ubi Jalar,538.5,15825.8317,293.88731104921,23.438546725366496,688.8291472019243,293.8873110492107
Kayenkidul,1918,0.04352562065991921,4.352562065991921,Ketela Pohon,652.8,18597.024533333,284.88089052287,28.41352516679526,809.4470352410632,284.8808905228707
Gampengrejo,545,0.012367811918485908,1.236781191848591,Padi,34198.23,198324.32,57.992568621242,422.9572765851224,2452.8378886216133,57.9925686212415
Gampengrejo,545,0.012367811918485908,1.236781191848591,Kedelai,1.9,2.5030348615385,13.17386769,0.023498842645123225,0.030957064392921587,13.173867692307898
Gampengrejo,545,0.012367811918485908,1.236781191848591,Kacang Tanah,476.5,843.69645825108,17.706116647452,5.893262379158536,10.434679111942057,17.706116647451836
Gampengrejo,545,0.012367811918485908,1.236781191848591,Ubi Jalar,538.5,15825.8317,293.88731104921,6.6600667181046616,195.7309099192121,293.8873110492108
Gampengrejo,545,0.012367811918485908,1.236781191848591,Ketela Pohon,652.8,18597.024533333,284.88089052287,8.0737076203876,230.0045016717307,284.88089052287074
Ngasem,497,0.01127853674034403,1.127853674034403,Padi,34198.23,198324.32,57.992568621242,385.70599350973544,2236.8081296237465,57.99256862124152
Ngasem,497,0.01127853674034403,1.127853674034403,Kedelai,1.9,2.5030348615385,13.17386769,0.021429219806653656,0.028230570648223905,13.173867692307894
Ngasem,497,0.01127853674034403,1.127853674034403,Kacang Tanah,476.5,843.69645825108,17.706116647452,5.37422275677393,9.515661502082938,17.706116647451836
Ngasem,497,0.01127853674034403,1.127853674034403,Ubi Jalar,538.5,15825.8317,293.88731104921,6.07349203467526,178.4922242749512,293.8873110492108
Ngasem,497,0.01127853674034403,1.127853674034403,Ketela Pohon,652.8,18597.024533333,284.88089052287,7.362628784096582,209.7472244602755,284.8808905228707
Banyakan,1008,0.02287477874097944,2.287477874097944,Padi,34198.23,198324.32,57.992568621242,782.2769445831253,4536.624938955204,57.99256862124152
Banyakan,1008,0.02287477874097944,2.287477874097944,Kedelai,1.9,2.5030348615385,13.17386769,0.043462079607860936,0.057256368638651294,13.173867692307894
Banyakan,1008,0.02287477874097944,2.287477874097944,Kacang Tanah,476.5,843.69645825108,17.706116647452,10.899832070076704,19.29936980704145,17.706116647451836
Banyakan,1008,0.02287477874097944,2.287477874097944,Ubi Jalar,538.5,15825.8317,293.88731104921,12.318068352017429,362.0123985294785,293.8873110492107
Banyakan,1008,0.02287477874097944,2.287477874097944,Ketela Pohon,652.8,18597.024533333,284.88089052287,14.932655562111377,425.40282144055874,284.8808905228707
Grogol,1093,0.02480370353560568,2.480370353560568,Padi,34198.23,198324.32,57.992568621242,848.2427583624564,4919.177637180593,57.9925686212415
Grogol,1093,0.02480370353560568,2.480370353560568,Kedelai,1.9,2.5030348615385,13.17386769,0.04712703671765079,0.06208453464488677,13.173867692307898
Grogol,1093,0.02480370353560568,2.480370353560568,Kacang Tanah,476.5,843.69645825108,17.706116647452,11.818964734716108,20.926796824500304,17.706116647451836
Grogol,1093,0.02480370353560568,2.480370353560568,Ubi Jalar,538.5,15825.8317,293.88731104921,13.356794353923659,392.53923769119046,293.8873110492108
Grogol,1093,0.02480370353560568,2.480370353560568,Ketela Pohon,652.8,18597.024533333,284.88089052287,16.191857668043387,461.27508316917726,284.8808905228707
Tarokan,883,0.020038124631234965,2.0038124631234964,Padi,34198.23,198324.32,57.992568621242,685.2683949076386,3974.047441564925,57.992568621241496
Tarokan,883,0.020038124631234965,2.0038124631234964,Kedelai,1.9,2.5030348615385,13.17386769,0.03807243679934643,0.05015612451183442,13.173867692307898
Tarokan,883,0.020038124631234965,2.0038124631234964,Kacang Tanah,476.5,843.69645825108,17.706116647452,9.54816638678346,16.90609478136667,17.706116647451836
Tarokan,883,0.020038124631234965,2.0038124631234964,Ubi Jalar,538.5,15825.8317,293.88731104921,10.790530113920028,317.1199879975491,293.88731104921084
Tarokan,883,0.020038124631234965,2.0038124631234964,Ketela Pohon,652.8,18597.024533333,284.88089052287,13.080887759270183,372.6494953690609,284.88089052287074
