Kecamatan,Luas Panen Bawang Daun (hektar) (Ha),Luas Panen Bawang Merah (hektar) (Ha),Luas Panen Bawang Putih (hektar) (Ha),Luas Panen Bayam (hektar) (Ha),Luas Panen Buncis (hektar) (Ha),Luas Panen Cabai Rawit (hektar) (Ha),Luas Panen Kacang Panjang (hektar) (Ha),Luas Panen Kangkung (hektar) (Ha),Luas Panen Kembang Kol (hektar) (Ha),Luas Panen Kentang (hektar) (Ha),Luas Panen Ketimun (hektar) (Ha),Luas Panen Kubis (hektar) (Ha),Luas Panen Labu Siam (hektar) (Ha),Luas Panen Melon (hektar) (Ha),Luas Panen Paprika (hektar) (Ha),Luas Panen Petsai/Sawi (hektar) (Ha),Luas Panen Semangka (hektar) (Ha),Luas Panen Stroberi (hektar) (Ha),Luas Panen Terung (hektar) (Ha),Luas Panen Tomat (hektar) (Ha),Luas Panen Wortel (hektar) (Ha),Luas Panen Cabai Besar/TW/Teropong (hektar) (Ha),Luas Panen Cabai Keriting (hektar) (Ha),Luas Panen Jamur tiram (meter persegi) (Ha),Luas Panen Jamur Merang (meter persegi) (M2),Luas Panen Jamur Lainnya (meter persegi) (M2)
Mojo,-,-,-,-,10,6,-,-,-,-,-,-,-,-,-,-,-,-,-,6,-,14,-,-,-,-
Semen,-,17,-,-,1,101,-,-,-,-,2,-,-,-,-,-,-,-,5,5,-,7,1,900,-,-
Ngadiluwih,4,1,-,36,-,2,-,11,-,-,1,-,-,3,-,37,-,-,-,-,-,-,1,-,-,-
Kras,-,-,-,-,-,34,-,-,-,-,5,-,-,-,-,-,4,-,12,7,-,-,13,155,-,-
Ringinrejo,-,-,-,-,-,375,28,-,-,-,18,-,-,-,-,-,7,-,24,17,-,-,125,-,-,-
Kandat,10.5,-,-,-,0.5,123,9,-,-,-,18,-,-,37,-,-,43,-,1.5,0.5,-,18,25,-,-,-
Wates,-,-,-,-,8,352,15,-,3,-,1,-,-,-,-,-,-,-,23,18,-,164,-,264,-,-
Ngancar,-,-,-,-,21,289,48,-,44,-,37,-,-,-,-,-,-,-,47,69,-,112,74,-,-,-
Plosoklaten,-,-,-,-,42,607,60,-,46,-,59,-,-,-,-,38,-,-,59,59,-,-,-,-,-,-
Gurah,-,-,-,7,-,715,2,-,-,-,11,-,-,-,-,-,1,-,13,1,-,2,-,-,-,-
Puncu,13,-,-,-,32,2035,37,-,-,-,20,-,-,-,-,2,-,-,26,29,-,29,46,313,-,-
Kepung,572,160,-,-,24,1823,59.7,-,26,-,36,-,-,-,-,52,-,-,15,96,-,561,26.8,-,-,-
Kandangan,9,9,-,-,12,3,14,-,-,-,12,-,-,-,-,-,-,-,12,-,-,-,-,-,-,-
Pare,-,36,-,-,14,61,39,-,28,-,40,-,-,-,-,60,-,-,34,17,-,-,27,-,-,-
Badas,-,371,-,-,-,1,3,-,8,-,-,-,-,-,-,89,-,-,2,1,-,1,-,-,-,-
Kunjang,-,13.5,-,-,1,6,16,-,-,-,12,-,-,-,-,-,-,-,4,2,-,-,2,-,-,-
Plemahan,-,435,-,-,-,71,68,-,33,-,51,-,-,-,-,36,-,-,44.5,38,-,-,-,-,-,-
Purwoasri,-,6,-,-,2,8,-,1,-,-,1,-,-,9,-,-,45,-,4,2,-,-,-,-,-,-
Papar,-,11,-,-,-,11,14,-,2,-,-,-,-,-,-,-,-,-,3,-,-,-,-,-,-,-
Pagu,-,-,-,-,-,2125,-,-,-,-,-,-,-,-,-,-,-,-,-,-,-,-,-,-,-,-
Kayen Kidul,2,1,-,-,-,769,7,3,-,-,6,-,-,-,-,-,-,-,7,-,-,-,-,-,-,-
Gampengrejo,-,20,-,-,-,6,-,-,-,-,-,-,-,-,-,-,-,-,-,-,-,-,-,361,-,-
Ngasem,-,2,-,-,-,236,-,-,-,-,-,-,-,-,-,-,6,-,-,-,-,-,-,-,-,-
Banyakan,-,6,-,-,-,1,-,-,-,-,-,-,-,3,-,-,1,-,1,-,-,2,-,520,-,-
Grogol,-,-,-,-,-,-,-,-,-,-,-,-,-,-,-,-,-,-,-,-,-,-,-,435,-,-
Tarokan,-,117,-,2,-,1,-,-,-,-,-,-,-,-,-,-,1,-,-,0.75,-,2,-,-,-,-
Kediri,610.5,1205.5,-,45,167.5,9761,419.7,15,190,-,330,-,-,52,-,314,108,-,337,368.25,-,912,340.8,2948,-,-