Jenis Tanaman,Luas Panen Tanaman Sayuran dan Buah-Buahan Semusim
Bawang Daun/Scallion(ha),610.5
Bawang Merah/Shallots(ha),1205.5
Bawang Putih/Garlic(ha),-
Bayam/Spinach(ha),45
Buncis/string bean(ha),167.5
Cabai Rawit/Chili/Cayenne Pepper(ha),9761
Kacang Panjang/Long Beans(ha),419.7
Kangkung/Water Spinach(ha),15
Kembang Kol/Cauliflower(ha),190
Kentang/Potato(ha),-
Ketimun/Cucumber(ha),330
Kubis/Cabbage(ha),-
Labu Siam/Chayote(ha),-
Melon/Melon(ha),52
Paprika/Bell Pepper(ha),-
Petsai/Sawi/Chinese Cabbage/mustard green(ha),314
Semangka/Watermelon(ha),108
Stroberi/Strawberry(ha),-
Terung/Eggplant(ha),337
Tomat/Tomato(ha),368.25
Wortel/Carrot(ha),-
Cabai Besar/TW/Teropong/Chili/Big chili(ha),912
"Cabai Keriting / Chili/Curly chili
(ha)",340.8
Jamur Tiram/King Oyster Mushroom(m2),2948
Jamur Merang/Straw Mushroom(m2),-
Jamur Lainnya/Mushroom(m2),-