Kecamatan,Luas Panen Jahe (meter persegi) (M2),Luas Panen Kapulaga (meter persegi) (M2),Luas Panen Keji Beling (meter persegi) (M2),Luas Panen Kencur (meter persegi) (M2),Luas Panen Kunyit (meter persegi) (M2),Luas Panen Laos/Lengkuas (meter persegi) (M2),Luas Panen Lempuyang (meter persegi) (M2),Luas Panen Lidah Buaya (meter persegi) (M2),Luas Panen Mahkota Dewa (pohon) (Pohon),Luas Panen Mengkudu/Pace (pohon) (Pohon),Luas Panen Sambiloto (meter persegi) (M2),Luas Panen Temuireng (meter persegi) (M2),Luas Panen Temukunci (meter persegi) (M2),Luas Panen Temulawak (meter persegi) (M2),Luas Panen Jeruk Nipis (pohon) (Pohon),Luas Panen Serai (meter persegi) (Pohon)
Mojo,5000,5500,...,-,1000,1000,-,-,-,-,-,-,-,4000,500,3000
Semen,-,-,...,-,-,-,-,-,-,-,-,-,-,-,15000,5000
Ngadiluwih,-,-,...,-,-,-,-,-,-,-,-,-,-,-,-,-
Kras,-,-,...,-,-,-,-,-,-,-,-,-,-,-,300,-
Ringinrejo,-,-,...,-,-,-,-,-,-,-,-,-,-,-,196,-
Kandat,-,-,...,-,-,-,-,-,-,70,-,-,-,-,50,-
Wates,89,-,...,-,-,-,-,-,-,-,-,-,-,-,76,-
Ngancar,-,-,...,-,-,-,-,-,-,700,-,-,-,-,-,-
Plosoklaten,-,-,...,-,-,-,-,-,-,-,-,-,-,-,-,-
Gurah,239,5,...,-,5,-,-,-,-,-,-,-,-,-,1365,55
Puncu,50000,-,...,-,-,-,-,-,-,-,-,-,-,-,-,-
Kepung,32000,-,...,-,-,-,-,-,-,-,-,-,-,-,-,-
Kandangan,4400,-,...,1000,1700,1000,-,-,-,-,-,-,-,400,-,-
Pare,-,-,...,-,-,-,-,-,-,-,-,-,-,-,-,-
Badas,-,-,...,-,-,-,-,-,-,-,-,-,-,-,-,-
Kunjang,-,-,...,-,-,-,-,-,-,-,-,-,-,-,-,-
Plemahan,47,-,...,27,134,5,-,1650,-,-,-,33,-,47,250,100
Purwoasri,-,-,...,-,-,-,-,-,-,-,-,-,-,-,-,-
Papar,485,-,...,-,381,499,-,-,-,-,-,-,-,52,86,211
Pagu,-,-,...,-,-,-,-,-,-,-,-,-,-,-,-,-
Kayen Kidul,-,-,...,-,-,-,-,-,-,-,-,-,-,-,-,-
Gampengrejo,-,-,...,-,-,-,-,-,-,32,-,-,-,-,-,-
Ngasem,-,-,...,-,-,-,-,-,-,-,-,-,-,-,-,-
Banyakan,-,-,...,-,3350000,-,-,-,-,-,-,-,-,800000,1000,-
Grogol,-,-,...,-,850000,-,-,-,-,-,-,-,-,-,-,-
Tarokan,-,-,...,-,272968,1000,-,-,-,-,-,-,-,-,-,-
Kediri,92260,5505,...,1027,4476188,3504,-,1650,-,802,-,33,-,804499,18823,8366