Kecamatan,Produksi Alpukat (kuintal) (Kw),Produksi Anggur (kuintal) (Kw),Produksi Apel (kuintal) (Kw),Produksi Belimbing (kuintal) (Kw),Produksi Duku/Langsat/Kokosan (kuintal) (Kw),Produksi Durian (kuintal) (Kw),Produksi Jambu Air (kuintal) (Kw),Produksi Jambu Biji (kuintal) (Kw),Produksi Jengkol (kuintal) (Kw),Produksi Jeruk Besar (kuintal) (Kw),Produksi Jeruk Siam/Keprok (kuintal) (Kw),Produksi Mangga (kuintal) (Kw),Produksi Manggis (kuintal) (Kw),Produksi Melinjo (kuintal) (Kw),Produksi Nangka/Cempedak (kuintal) (Kw),Produksi Nenas (kuintal) (Kw),Produksi Pepaya (kuintal) (Kw),Produksi Petai (kuintal) (Kw),Produksi Pisang (kuintal) (Kw),Produksi Rambutan (kuintal) (Kw),Produksi Salak (kuintal) (Kw),Produksi Sawo (kuintal) (Kw),Produksi Sirsak (kuintal) (Kw),Produksi Sukun (kuintal) (Kw),Produksi Buah Naga (kuintal) (Kw),Produksi Jeruk Lemon (kuintal) (Kw),Produksi Lengkeng (kuintal) (Kw)
Mojo,24632,-,-,2195,28,35745,360,180,115.5,-,28750,8150,250,605.2,143,-,1853,8166,15356.6,15793.5,525.6,251,4360,1242,-,-,250
Semen,8200,-,-,-,-,74000,1820,20,-,-,18050,1200,-,-,330,-,2840,2700,310,-,-,2550,1012,-,160,-,760
Ngadiluwih,3604,-,-,2,-,-,990,1040,-,-,-,3985.5,-,250,2088.6,-,-,-,9587,-,-,-,75,-,2310,50,-
Kras,3540,-,-,264,-,118,160,276,-,-,500,900,-,295,634,20,2740,-,1248,2800,-,27,431,229,-,59,-
Ringinrejo,12272,-,-,3910,-,13100,1109,1471,-,-,18317,11401,275,975,10500,35230,2488,1207,23048,1500,-,-,2050,1316,1180,1294,2390
Kandat,3240,-,-,308.2,-,192,162,168.4,-,-,-,2519.4,-,-,775.8,25720,8325,-,111151.6,4500,-,-,-,-,-,600,-
Wates,14634,-,-,200,-,-,24,-,-,-,-,-,-,-,-,9100,3775,-,9000,-,40,-,503,-,-,-,-
Ngancar,32580,-,-,10,-,3000,-,25,-,-,-,-,358,2000,-,4065389.23,1540,-,6850,2100,510,-,210,450,-,-,1550
Plosoklaten,6875,-,-,151.4,-,5939,95,612.01,-,-,-,3363.2,-,17710.65,2094.2,90150,4980,2861,1956,3000,1300,663.34,18297.82,-,-,3100,-
Gurah,1343,-,-,4786,-,-,1887,4627,-,34,-,4777.8,-,2180,-,-,4755,270,5286.2,350,21,3323,-,-,-,-,-
Puncu,4000,-,-,150,-,11500,-,500,-,-,-,-,-,-,270,23337,19387,1030,113830,-,-,-,2450,-,-,-,-
Kepung,59750,-,-,116,-,32950,63,79,-,-,114,-,-,-,-,-,-,2750,14585,2090,-,-,4.5,33,-,-,-
Kandangan,2081.15,-,-,-,-,21184.83,-,-,-,-,-,8646.43,5654,1136.54,5706.17,-,650,571.43,179457.43,5368.25,-,-,1014.78,-,-,-,-
Pare,415,-,-,237.2,-,240.8,116,388,-,-,-,120,-,-,1557,-,1980,-,2072.4,4519,-,-,2891.5,-,1472,-,-
Badas,1026,-,-,40.8,-,688.8,278,1283.2,-,-,-,25816,-,36285.8,10233.4,-,1320,620,-,8500,-,4689.92,1421.25,432.25,-,-,-
Kunjang,318,-,-,390.4,-,69,536.6,414,-,-,1370,10972,-,490,1634,-,-,-,10430,2900,-,228,566,-,-,76,93
Plemahan,22020,-,-,983,-,183,4505.5,3992.2,-,6.25,-,-,-,189.05,3337,-,-,218.25,26125,183.75,-,1859.7,411.4,-,-,-,-
Purwoasri,250,-,-,266.25,15,74,9015,280,-,-,-,-,-,-,1227,-,206,-,33710,5000,-,327,614,482,-,-,498
Papar,607,-,-,-,-,-,-,-,-,-,-,3772,-,-,313,-,123,-,7975,115,-,-,-,-,-,-,-
Pagu,1655,-,-,29644,-,-,-,-,-,-,-,8325,-,764,1300,-,46,-,1318,-,-,69,-,-,-,-,-
Kayen Kidul,842,-,-,456,-,-,-,127,-,-,-,229,-,-,369,-,335,24,1204,-,-,320,290,-,-,52.6,1660
Gampengrejo,1019,-,-,396,-,-,492,187.5,-,-,-,5050,-,-,210,-,45,-,954,854,-,-,-,-,-,-,-
Ngasem,868.77,-,-,72.87,-,141.75,83.83,296.2,-,-,1733.5,852.43,-,1060.87,719.22,-,134,158.71,268.54,-,-,198.05,176.87,52.5,-,42.26,419.74
Banyakan,4895,-,-,-,-,2550,-,137,-,-,11255,290000,-,-,3517,-,1583,12150,9500,-,-,1025,532,283,-,-,-
Grogol,17300,-,-,194,-,230.3,-,-,-,-,-,183000,-,-,-,-,-,102.18,26709.92,-,-,-,-,-,-,-,6.15
Tarokan,204,-,-,84,-,400,66,184,-,-,32178,261681.95,-,-,92,-,59,215,10290.15,-,-,173,6509,-,-,57,155
Kediri,228170.92,-,-,44857.12,43,202306.48,21762.93,16287.51,115.5,40.25,112267.5,834761.71,6537,63942.11,47050.39,4248946.23,59164,33043.57,622222.84,59573.5,2396.6,15704.01,43820.12,4519.75,5122,5330.86,7781.89