Kecamatan,Produksi Bawang Daun (kuintal) (Kw),Produksi Bawang Merah (kuintal) (Kw),Produksi Bawang Putih (kuintal) (Kw),Produksi Bayam (kuintal) (Kw),Produksi Buncis (kuintal) (Kw),Produksi Cabai Rawit (kuintal) (Kw),Produksi Kacang Panjang (kuintal) (Kw),Produksi Kangkung (kuintal) (Kw),Produksi Kembang Kol (kuintal) (Kw),Produksi Kentang (kuintal) (Kw),Produksi Ketimun (kuintal) (Kw),Produksi Kubis (kuintal) (Kw),Produksi Labu Siam (kuintal) (Kw),Produksi Melon (kuintal) (Kw),Produksi Paprika (kuintal) (Kw),Produksi Petsai/Sawi (kuintal) (Kw),Produksi Semangka (kuintal) (Kw),Produksi Stroberi (kuintal) (Kw),Produksi Terung (kuintal) (Kw),Produksi Tomat (kuintal) (Kw),Produksi Wortel (kuintal) (Kw),Produksi Cabai Besar/TW/Teropong (kuintal) (Kw),Produksi Cabai Keriting(kuintal) (Kw),Produksi Jamur Tiram (kuintal) (Kw),Produksi Jamur Merang (kuintal) (Kw),Produksi Jamur Lainnya (kuintal) (Kw)
Mojo,-,-,-,-,543,104,-,-,-,-,-,-,-,-,-,-,-,-,-,1166,-,2070,-,-,-,-
Semen,-,1140,-,-,121,13179,-,-,-,-,345,-,-,-,-,-,-,-,948,803,-,1582,65,1870,-,-
Ngadiluwih,290,73,-,3250,-,157,-,1757,-,-,380,-,-,339,-,6819,-,-,-,-,-,-,151.3,-,-,-
Kras,-,-,-,-,-,2250,-,-,-,-,1850,-,-,-,-,-,556,-,8412,2263,-,-,1150,157,-,-
Ringinrejo,-,-,-,-,-,61816,3116,-,-,-,3639,-,-,-,-,-,1025,-,5658,2701,-,-,29101,-,-,-
Kandat,909,-,-,-,25,25487,1000,-,-,-,2605,-,-,7135,-,-,6780,-,300,100,-,1122,1432,-,-,-
Wates,-,-,-,-,753,79918,2665,-,184,-,120,-,-,-,-,-,-,-,6468,2718,-,43621,-,225,-,-
Ngancar,-,-,-,-,3448,57106,7121,-,5048,-,12623,-,-,-,-,-,-,-,25301,21427,-,21727.5,12772,-,-,-
Plosoklaten,-,-,-,-,5549,47163.24,6544.5,-,6900,-,14324.5,-,-,-,-,4965,-,-,17182,14985,-,-,-,-,-,-
Gurah,-,-,-,1020,-,76767,205,-,-,-,1770,-,-,-,-,-,154,-,3991,200,-,275,-,-,-,-
Puncu,920,-,-,-,3905,264278,2678,-,-,-,3439,-,-,-,-,155,-,-,5504,4565,-,2951,4938,239.3,-,-
Kepung,41391,11542,-,-,2107,196780,4745,-,2918,-,5803,-,-,-,-,5575,-,-,2478,12408,-,63661,2771,-,-,-
Kandangan,614,622,-,-,1818,174,1610,-,-,-,3228,-,-,-,-,-,-,-,3289,-,-,-,-,-,-,-
Pare,-,2400,-,-,2251,4749,3244,-,4653,-,6232,-,-,-,-,5334,-,-,7326,1606,-,-,2316,-,-,-
Badas,-,19576,-,-,-,141,277,-,1054,-,-,-,-,-,-,9265,-,-,645,210,-,175,-,-,-,-
Kunjang,-,1080,-,-,120,626,977,-,-,-,3400,-,-,-,-,-,-,-,1533,361,-,-,138,-,-,-
Plemahan,-,36600,-,-,-,8867.75,11901.95,-,2574.5,-,7277.8,-,-,-,-,2025.75,-,-,16033.44,9793.35,-,-,-,-,-,-
Purwoasri,-,464,-,-,300,943,-,745,-,-,120,-,-,1450,-,-,7300,-,685,595,-,-,-,-,-,-
Papar,-,700,-,-,-,1705,914,-,280,-,-,-,-,-,-,-,-,-,575,-,-,-,-,-,-,-
Pagu,-,-,-,-,-,175943,-,-,-,-,-,-,-,-,-,-,-,-,-,-,-,-,-,-,-,-
Kayen Kidul,140,70,-,-,-,57575,808,2031,-,-,953,-,-,-,-,-,-,-,1797,-,-,-,-,-,-,-
Gampengrejo,-,1788,-,-,-,540,-,-,-,-,-,-,-,-,-,-,-,-,-,-,-,-,-,701.3,-,-
Ngasem,-,135,-,-,-,19132.62,-,-,-,-,-,-,-,-,-,-,1232,-,-,-,-,-,-,-,-,-
Banyakan,-,190,-,-,-,162,-,-,-,-,-,-,-,425,-,-,185,-,110,-,-,151,-,2601,-,-
Grogol,-,-,-,-,-,-,-,-,-,-,-,-,-,-,-,-,-,-,-,-,-,-,-,1236,-,-
Tarokan,-,7222,-,120,-,50,-,-,-,-,-,-,-,-,-,-,200,-,-,98,-,104,-,-,-,-
Kediri,44264,83602,-,4390,20940,1095613.61,47806.45,4533,23611.5,-,68109.3,-,-,9349,-,34138.75,17432,-,108235.44,75999.35,-,137439.5,54834.3,7029.6,-,-