Jenis Tanaman,Produksi Tanaman Sayuran dan Buah-Buahan Semusim
Bawang Daun/Scallion(kw/qui),44264
Bawang Merah/Shallots(kw/qui),83602
Bawang Putih/Garlic(kw/qui),-
Bayam/Spinach(kw/qui),4390
Buncis/string bean(kw/qui),20940
Cabai Rawit/Chili/Cayenne Pepper(kw/qui),1095613.61
Kacang Panjang/Long Beans(kw/qui),47806.45
Kangkung/Water Spinach(kw/qui),4533
Kembang Kol/Cauliflower(kw/qui),23611.5
Kentang/Potato(kw/qui),-
Ketimun/Cucumber(kw/qui),68109.3
Kubis/Cabbage(kw/qui),-
Labu Siam/Chayote(kw/qui),-
Melon/Melon(kw/qui),9349
Paprika/Bell Pepper(kw/qui),-
Petsai/Sawi/Chinese Cabbage/mustard green(kw/qui),34138.75
Semangka/Watermelon(kw/qui),17432
Stroberi/Strawberry(kw/qui),-
Terung/Eggplant(kw/qui),108235.44
Tomat/Tomato(kw/qui),75999.35
Wortel/Carrot(kw/qui),-
"Cabai Besar/TW/Teropong / Chili/Big chili
(kw/qui)",137439.5
"Cabai Keriting/Chili/Curly chili
(kw/qui)",54834.3
Jamur Tiram/King Oyster Mushroom(kw/qui),7029.6
Jamur Merang/Straw Mushroom(kw/qui),-
Jamur Lainnya/Mushroom(kw/qui),-