Jenis Tanaman,Produksi Buah-Buahan dan Sayuran Tahunan
Alpukat/Avocado(kw/qui),228170.92
Anggur/Grape(kw/qui),-
Apel/Apple(kw/qui),-
Belimbing/Star Fruit(kw/qui),44857.12
Duku/Langsat/Kokosan/Duku(kw/qui),43
Durian/Durian(kw/qui),202306.48
Jambu Air/Water Apple(kw/qui),21762.93
Jambu Biji/Guava(kw/qui),16287.51
Jengkol/Jengkol(kw/qui),115.5
Jeruk Besar/Pomelo(kw/qui),40.25
Jeruk Siam/Keprok/Orange/Tangerine(kw/qui),112267.5
Mangga/Mango(kw/qui),834761.71
Manggis/Mangosteen(kw/qui),6537
Melinjo/Gnetum/Melinjo(kw/qui),63942.11
Nangka/Cempedak/Jackfruit(kw/qui),47050.39
Nenas/Pineapple(kw/qui),4248946.23
Pepaya/Papaya(kw/qui),59164
Petai/Twisted Cluster Bean(kw/qui),33043.57
Pisang/Banana(kw/qui),622222.84
Rambutan/Rambutan(kw/qui),59573.5
Salak/Snakefruit(kw/qui),2396.6
Sawo/Sapodilla/Sawo(kw/qui),15704.01
Sirsak/Soursop(kw/qui),43820.12
Sukun/Breadfruit(kw/qui),4519.75
Buah Naga/Hylocereus polyrhizus(kw/qui),5122
Jeruk Lemon/Lemon(kw/qui),5330.86
Lengkeng/Dimocarpus longan(kw/qui),7781.89