Jenis Tanaman,Luas Panen Tanaman Biofarmaka
Jahe/Ginger(m2),92260
Kapulaga/Java Cardamom(m2),5505
Keji Beling/Verbenaceae(m2),...
Kencur/East Indian Galangal(m2),1027
Kunyit/Turmeric(m2),4476188
Laos/Lengkuas/Galanga(m2),3504
Lempuyang/Zingiber Aromaticum(m2),-
Lidah Buaya/Aloevera(m2),1650
Mahkota Dewa/Phaleria Macrocarpa(pohon/tree),-
Mengkudu/Pace/Indian Mulberry(pohon/tree),802
Sambiloto/King of Bitter(m2),-
Temuireng/Black Turmeric(m2),33
Temukunci/Chinese Keys(m2),-
Temulawak/Java Turmeric(m2),804499
Jeruk Nipis/Lime(pohon/tree),18823
Serai/Lemongrass(m2),8366
,
Keterangan,
<sup>1</sup> Satuan luas panen dalam pohon/<i>The unit of harvested area is tree</i>,