Kecamatan,Produksi Jahe (kilogram) (Kg),Produksi Kapulaga (kilogram) (Kg),Produksi Keji Beling (kilogram) (Kg),Produksi Kencur (kilogram) (Kg),Produksi Kunyit (kilogram) (Kg),Produksi Laos/Lengkuas (kilogram) (Kg),Produksi Lempuyang (kilogram) (Kg),Produksi Lidah Buaya (kilogram) (Kg),Produksi Mahkota Dewa (kilogram) (Kg),Produksi Mengkudu/Pace (kilogram) (Kg),Produksi Sambiloto (kilogram) (Kg),Produksi Temuireng (kilogram) (Kg),Produksi Temukunci (kilogram) (Kg),Produksi Temulawak (kilogram) (Kg),Produksi Jeruk Nipis (kilogram) (Kg),Produksi Serai (kilogram) (Kg)
Mojo,9200,21250,...,-,8000,7000,-,-,-,-,-,-,-,8500,33000,40500
Semen,-,-,...,-,-,-,-,-,-,-,-,-,-,-,303000,20000
Ngadiluwih,-,-,...,-,-,-,-,-,-,-,-,-,-,-,-,-
Kras,-,-,...,-,-,-,-,-,-,-,-,-,-,-,7050,-
Ringinrejo,-,-,...,-,-,-,-,-,-,-,-,-,-,-,4120,-
Kandat,-,-,...,-,-,-,-,-,-,458,-,-,-,-,4000,-
Wates,30,-,...,-,-,-,-,-,-,-,-,-,-,-,2715,-
Ngancar,-,-,...,-,-,-,-,-,-,6450,-,-,-,-,-,-
Plosoklaten,-,-,...,-,-,-,-,-,-,-,-,-,-,-,-,-
Gurah,584,13,...,-,6,-,-,-,-,-,-,-,-,-,9150,168
Puncu,58000,-,...,-,-,-,-,-,-,-,-,-,-,-,-,-
Kepung,46560,-,...,-,-,-,-,-,-,-,-,-,-,-,-,-
Kandangan,18320,-,...,6750,3730,2540,-,-,-,-,-,-,-,1136,-,-
Pare,-,-,...,-,-,-,-,-,-,-,-,-,-,-,-,-
Badas,-,-,...,-,-,-,-,-,-,-,-,-,-,-,-,-
Kunjang,-,-,...,-,-,-,-,-,-,-,-,-,-,-,-,-
Plemahan,232,-,...,160,169,6,-,12595,-,-,-,29,-,55,5308,701
Purwoasri,-,-,...,-,-,-,-,-,-,-,-,-,-,-,-,-
Papar,677,-,...,-,532,698,-,-,-,-,-,-,-,72,430,755
Pagu,-,-,...,-,-,-,-,-,-,-,-,-,-,-,-,-
Kayen Kidul,-,-,...,-,-,-,-,-,-,-,-,-,-,-,-,-
Gampengrejo,-,-,...,-,-,-,-,-,-,64,-,-,-,-,-,-
Ngasem,-,-,...,-,-,-,-,-,-,-,-,-,-,-,-,-
Banyakan,-,-,...,-,4379000,-,-,-,-,-,-,-,-,875000,5500,-
Grogol,-,-,...,-,1400000,-,-,-,-,-,-,-,-,-,-,-
Tarokan,-,-,...,-,254330,1200,-,-,-,-,-,-,-,-,-,-
Kediri,133603,21263,...,6910,6045767,11444,-,12595,-,6972,-,29,-,884763,374273,62124